node_a,node_b,cutoff_year,label
algorithms,user experience,2020,1
model,neural networks,2020,1
nlp tasks,sentiment classification,2020,1
experiments,researchers,2020,1
natural language processing technologies,ontology,2020,1
natural language processing,tokenization,2020,1
algorithms,deep learning,2020,1
natural language processing algorithms,text processing,2020,1
accuracy,algorithms,2020,1
model,output,2020,1
automatic text analysis,findings,2020,1
logistic regression,svm,2020,1
machine translation,nlp applications,2020,1
administrative data,natural language processing,2020,1
extract clinically relevant information,nlp techniques,2020,1
computational linguistics,natural language processing,2020,1
model performance,studies,2020,1
dataset,recurrent neural network,2020,1
convolution neural network,f1 score,2020,1
machine learning models,preprocessing,2020,1
filtering,ml,2020,1
nlp methods,word embedding,2020,1
machine learning,specificity,2020,1
deep learning models,nlp,2020,1
knowledge,nlp,2020,1
random forest,sensitivity,2020,1
machine learning models,posts,2020,1
nlp tasks,sentiment analysis,2020,1
emotions,random forest,2020,1
cnn,word2vec,2020,1
datasets,machine learning classifier,2020,1
disease phenotyping,nlp,2020,1
auc,rule-based,2020,1
cnn,sensitivity,2020,1
random forest,specificity,2020,1
natural language processing,software,2020,1
data analysis,text classification,2020,1
bert,database,2020,1
proposed,svm classifier,2020,1
nlp models,recall,2020,1
cluster analysis,reddit posts,2020,1
bert,rule-based,2020,1
artificial intelligence,nlp methods,2020,1
cnn,specificity,2020,1
chatbot system,whatsapp,2020,1
dl,lstm,2020,1
machine learning algorithms,nlp,2020,1
machine learning,software engineering,2020,1
nlp,sentiment analyzer,2020,1
natural language,nlp,2020,1
bibliometric analysis,insights,2020,1
nimbleminer,symptoms,2020,1
nlp models,predictive models,2020,1
nlp,positive predictive value,2020,1
glove,neural network models,2020,1
natural language processing,text data,2020,1
natural language processing,speech recognition,2020,1
nlp system,radiology reports,2020,1
chatbots,machine learning,2020,1
deep learning,sensitivity,2020,1
pipeline,sensitivity,2020,1
filtering,ml models,2020,1
bilstm,deep learning techniques,2020,1
deep learning,nlp techniques,2020,1
bert,unstructured data,2020,1
autoencoders,dimensionality reduction,2020,1
nlp tasks,normalization,2020,1
tf-idf,word2vec,2020,1
automated,natural language processing,2020,1
deep learning,popularity,2020,1
bert,multi-label classification,2020,1
pipeline,specificity,2020,1
bert,speech recognition,2020,1
abstracts,bert,2020,1
naïve bayes,prediction accuracy,2020,1
data,natural language processing techniques,2020,1
pattern matching,pipeline,2020,1
corpora,turkish,2020,1
natural language processing,pipeline,2020,1
clinical narratives,nlp,2020,1
accuracy,chatbot,2020,1
higher performance,proposed,2020,1
artificial intelligence,chatbots,2020,1
natural language processing techniques,sentiment analysis,2020,1
bert,unstructured text data,2020,1
nlp models,significant potential,2020,1
papers,quantitative methods,2020,1
prediction,vosviewer,2020,1
nlp,processing,2020,1
chatbot,support vector machine,2020,1
other methods,proposed,2020,1
gnns,nlp tasks,2020,1
accuracy,deep learning,2020,1
bert,logistic regression,2020,1
deep learning techniques,natural language processing,2020,1
corpora,language models,2020,1
model,test set,2020,1
algorithms,seizure frequency,2020,1
electronic healthcare records data,nlp models,2020,1
extract,latent dirichlet allocation,2020,1
deep learning,ml techniques,2020,1
nlp,text summarization,2020,1
natural language processing,regular expressions,2020,1
fasttext,nlp models,2020,1
nlp concepts,tokenization,2020,1
datasets,nlp pipeline,2020,1
autoencoders,feature extraction,2020,1
other algorithms,recurrent neural network,2020,1
bert,classification algorithms,2020,1
bert,ehrs,2020,1
algorithms,ehr data,2020,1
deep neural networks,interpretability,2020,1
bert,tweets,2020,1
bilstm,lstm,2020,1
deep-learning,lstm,2020,1
cluster analysis,corpus,2020,1
natural language processing,predictive,2020,1
machine learning models,natural language processing,2020,1
new,sentiment analysis,2020,1
natural language processing,similarity,2020,1
framework,natural language processing,2020,1
nltk,sentiment,2020,1
nlp,unigrams,2020,1
challenges,nlp techniques,2020,1
bilstm,word2vec,2020,1
nlp,useful tool,2020,1
machine learning techniques,nlp,2020,1
nlg,nlp,2020,1
natural language processing methods,pipeline,2020,1
meaning,word embedding,2020,1
database,nlp system,2020,1
one-hot encoding,tf-idf,2020,1
machine learning,ml,2020,1
macro f1 score,nlp,2020,1
nlp techniques,preprocessing,2020,1
latent dirichlet allocation (lda),topic modeling,2020,1
model,naïve bayes,2020,1
machine learning,twitter data,2020,1
lemmatization,natural language processing,2020,1
electronic health records,nlp-cam,2020,1
machine learning (ml),suicide risk,2020,1
bert,named entity recognition,2020,1
intrusion detection,ml,2020,1
auc,ml models,2020,1
natural language processing,texts,2020,1
bert,question answering,2020,1
area under the curve,biobert,2020,1
nlp,sensitivity,2020,1
discharge summaries,nlp system,2020,1
bert,ml classifiers,2020,1
automated analyses,nlp techniques,2020,1
bert,bidirectional encoder representation from transformers,2020,1
cnns,sentiment analysis,2020,1
f1-score,hybrid system,2020,1
other algorithms,random forest classifier,2020,1
cross-lingual representations,vector representations,2020,1
cross-validated auc,machine learning,2020,1
nlp methods,speech,2020,1
machine learning,preprocessing,2020,1
neural network,nlp,2020,1
articles,nlp,2020,1
dimensionality reduction,model,2020,1
natural language processing (nlp),nlp techniques,2020,1
deep-learning,nlp pipeline,2020,1
analyze,science mapping,2020,1
nlp models,transfer learning,2020,1
preprocessing,tokenization,2020,1
sentiment classification,supervised machine learning techniques,2020,1
chatbots,natural language processing,2020,1
f1 score,rule-based,2020,1
information extraction,nlp methodologies,2020,1
nlp-based,patients,2020,1
clinical notes,nlp pipeline,2020,1
conversations,nlp analysis,2020,1
linguistic features,support vector machine,2020,1
nlp tool,specificity,2020,1
machine learning,random forest,2020,1
nlp,svm,2020,1
interpretability,nlp systems,2020,1
linguistics,natural language processing,2020,1
ai,machine learning,2020,1
nlp pipeline,test set,2020,1
nlp platform,tweets,2020,1
deep learning,diagnosis,2020,1
latent dirichlet allocation,topic modeling,2020,1
bert,language modeling,2020,1
deep learning models,long short-term memory,2020,1
benchmark,statistical models,2020,1
healthcare,nlp,2020,1
area under the curve (auc),model performance,2020,1
named entity recognition (ner),ner,2020,1
insights,nlp,2020,1
keywords,technique,2020,1
studies,unified medical language system,2020,1
neural networks,papers,2020,1
studies,systematized nomenclature of medicine,2020,1
model,support vector machine,2020,1
nlp pipeline,topic modeling,2020,1
algorithms,electronic medical records,2020,1
participants,text data,2020,1
algorithm,positive predictive value,2020,1
tokenization,tweets,2020,1
preprocessing,vectorization,2020,1
chatbot,datasets,2020,1
nlp tasks,transformer,2020,1
rnns,sentiment analysis,2020,1
nlp tools,unstructured text,2020,1
neural network,sentiment analysis,2020,1
accuracy,bert,2020,1
nlp models,sentiment classification,2020,1
datasets,rl,2020,1
nlp pipeline,unstructured data,2020,1
researchers,self-supervised learning,2020,1
bert,text classification,2020,1
depression,nlp methods,2020,1
nlp,rule-based system,2020,1
negative sentiments,sentiment analysis,2020,1
accuracy,classifiers,2020,1
google,transformer,2020,1
bert,naive bayes,2020,1
latent semantic analysis,trends,2020,1
analyze,nlp tools,2020,1
application,python,2020,1
deep learning,gold standard,2020,1
emr,nlp,2020,1
random forest,word2vec,2020,1
tweets,twitter application programming interface,2020,1
diagnoses,nlp,2020,1
nlp,researchers,2020,1
f1-score,nlp pipeline,2020,1
83% accuracy,model,2020,1
interpretability,machine translation,2020,1
nlp techniques,ontology,2020,1
studies,topic modeling,2020,1
bert,better performance,2020,1
methodology,nlp,2020,1
bert,sentiment classification,2020,1
bert,topic modeling,2020,1
nlp techniques,requirements engineering (re),2020,1
bert,text summarization,2020,1
clinical notes,machine learning,2020,1
accuracy,nlp tool,2020,1
similarity index,word2vec,2020,1
chatbot,keywords,2020,1
picture description,support vector machine,2020,1
nlp,observational research,2020,1
named entity recognition (ner),nlp pipeline,2020,1
chart review,nlp pipeline,2020,1
information extraction,nlp system,2020,1
emotions,logistic regression,2020,1
algorithms,themes,2020,1
keyword extraction,nltk,2020,1
bert,proposed,2020,1
deep learning,word2vec,2020,1
embeddings,metrics,2020,1
chatbot,message,2020,1
network analysis,word embedding,2020,1
algorithms,performance,2020,1
performance,random forest,2020,1
nlp technology,various domains,2020,1
bert,state-of-the-art results,2020,1
best performance,rule-based nlp,2020,1
dictionary,pipeline,2020,1
nlp,translation,2020,1
nlp techniques,sentiment analysis,2020,1
bert,sentiment analysis,2020,1
algorithm,participants,2020,1
google,word2vec,2020,1
dataset,framework,2020,1
f1-score,nlp applications,2020,1
deep learning,specificity,2020,1
natural language processing,natural language understanding,2020,1
imaging reports,nlp,2020,1
bert,classifier,2020,1
natural language processing,nlp technology,2020,1
electronic health records,nlp,2020,1
latent dirichlet allocation,posts,2020,1
high precision and recall,nlp technology,2020,1
bag of words,term frequency-inverse document frequency,2020,1
machine learning,wordnet,2020,1
linguistic inquiry and word count,tweets,2020,1
diagnosis codes,nlp,2020,1
ai,natural language processing,2020,1
datasets,performance,2020,1
datasets,natural language processing,2020,1
cnn,convolutional networks,2020,1
nlp models,radiology reports,2020,1
natural language processing,reinforcement learning,2020,1
deep learning models,statistical models,2020,1
convolutional networks,model,2020,1
f1-score,nlp-based,2020,1
model,natural language processing,2020,1
challenges,deep learning,2020,1
f-measure,nlp systems,2020,1
nlp,topic classification,2020,1
machines,nlp techniques,2020,1
ml models,significant potential,2020,1
patients,resources,2020,1
bert,context,2020,1
topic modeling,word2vec,2020,1
content analysis,nlp,2020,1
high accuracy,nlp,2020,1
information,nlp methods,2020,1
dataset,model,2020,1
textrank,topic modeling,2020,1
features,risk,2020,1
markov models,nlp,2020,1
machine learning,sensitivity,2020,1
dataset,language models,2020,1
algorithms,text data,2020,1
ehr data,ml models,2020,1
named entity recognition,nlp tasks,2020,1
artificial intelligence,chatbot,2020,1
framework,nlp,2020,1
classification algorithms,elmo,2020,1
nlp,papers,2020,1
dl models,nlp,2020,1
nlp techniques,state of the art,2020,1
bibliometric analysis,nlp papers,2020,1
data,pipeline,2020,1
nlp,nlu,2020,1
chatbot,students,2020,1
deep learning,pre-trained language,2020,1
bert,svm,2020,1
nlp tasks,speech recognition,2020,1
nlp concepts,word embeddings,2020,1
classification,supervised learning,2020,1
pre-trained language,success,2020,1
hybrid,named entity recognition,2020,1
artificial intelligence,sentiment analysis,2020,1
natural language processing,textual data,2020,1
clinical notes,latent dirichlet allocation (lda),2020,1
data augmentation,transfer learning,2020,1
chatbot,information,2020,1
nlp,reports,2020,1
deep learning methods,machine translation,2020,1
bert,f1-score,2020,1
nlp,treatment,2020,1
anomaly detection,ml,2020,1
gold standard,nlp,2020,1
sentiment analysis,text mining,2020,1
clinical notes,natural language processing system,2020,1
ml models,random forest,2020,1
nlp,word2vec,2020,1
features,nlp,2020,1
deep learning,pipeline,2020,1
deep learning models,rnns,2020,1
natural language processing techniques,topic modeling,2020,1
application,deep learning,2020,1
nlp,strengths and weaknesses,2020,1
ehrs,nlp classifier,2020,1
dataset,nlp methods,2020,1
nlp tool,reference standard,2020,1
datasets,nlp models,2020,1
bert,elmo,2020,1
named entity recognition,nlp pipeline,2020,1
nlp models,regularized logistic regression,2020,1
human raters,nlp methods,2020,1
interpretability,sentiment analysis,2020,1
sentiment analysis,twitter dataset,2020,1
nlp pipeline,notes,2020,1
artificial intelligence,popularity,2020,1
nlp,specificity,2020,1
ml,nlp,2020,1
bert,machine translation,2020,1
diagnosis,nlp,2020,1
anomaly detection,autoencoders,2020,1
model,sensitivity,2020,1
chatbot system,python programming language,2020,1
database,word2vec,2020,1
re,relationships,2020,1
classifier,datasets,2020,1
participants,technology,2020,1
bert,cnn,2020,1
natural language processing,network analysis,2020,1
large-scale datasets,search,2020,1
information retrieval,ocr,2020,1
natural language processing,researchers,2020,1
latent dirichlet allocation (lda),topic modelling,2020,1
electronic health records,natural language processing algorithms,2020,1
rule-based,words,2020,1
pipeline,twitter data,2020,1
dataset,patients,2020,1
machine learning algorithms,prediction accuracy,2020,1
lasso regularization,model,2020,1
named entity recognition,news articles,2020,1
attention mechanism,recurrent neural network,2020,1
machine learning classifier,support vector machine,2020,1
nlp methods,research,2020,1
image recognition,nlp techniques,2020,1
computational approaches,nlp,2020,1
chatbot,natural language processing (nlp),2020,1
data,natural language processing pipeline,2020,1
posts,textual content,2020,1
f1 score,sentiment analysis,2020,1
bert,best performance,2020,1
bag-of-words,nlp methods,2020,1
content analysis,nlp-based,2020,1
nlp,software,2020,1
cnn,recurrent neural network,2020,1
nlp,topic models,2020,1
nlp tasks,question answering,2020,1
datasets,research,2020,1
bert,knowledge graph,2020,1
algorithm,notes,2020,1
concepts,nlp,2020,1
computational linguistics,machine learning,2020,1
nlp,unstructured data,2020,1
deep learning architecture,sentiment analysis,2020,1
bidirectional encoder representation from transformers,google,2020,1
natural language understanding,text summarization,2020,1
bert,classification accuracy,2020,1
area under the curve,nlp,2020,1
classification task,model,2020,1
feature extraction,pos tagging,2020,1
clinical notes,physicians,2020,1
questionnaire,students,2020,1
datasets,evaluation metrics,2020,1
accuracy,nlp-based,2020,1
cross-validated auc,logistic regression,2020,1
nlp,social media posts,2020,1
correlation,nlp,2020,1
algorithm,ppv,2020,1
nlp system,qualitative data,2020,1
features,nlp techniques,2020,1
natural language processing techniques,optical character recognition,2020,1
natural language processing,program,2020,1
self-supervised learning,three main categories,2020,1
feedback,nlp,2020,1
tweets,twitter,2020,1
nlp,text processing,2020,1
natural language understanding,sentiment analysis,2020,1
nlp,unstructured text data,2020,1
f-measure,natural language processing,2020,1
neural network,word2vec,2020,1
nlp,pipeline,2020,1
deep learning techniques,nlp applications,2020,1
nlp applications,sentiment analysis,2020,1
natural language processing,transformer,2020,1
clinical notes,natural language processing algorithms,2020,1
chatbots,data collection,2020,1
automatic speech recognition,natural language processing techniques,2020,1
accuracy,svm,2020,1
cnn,computer vision,2020,1
ai,predictive models,2020,1
cnn models,state-of-the-art results,2020,1
annotations,machine learning,2020,1
bert,contextual embeddings,2020,1
classification,developed,2020,1
machine translation,nlp,2020,1
neural networks,text classification,2020,1
embedding models,quantum,2020,1
language modeling,nlp concepts,2020,1
algorithms,diagnosis,2020,1
algorithms,nlp,2020,1
ehr data,nlp techniques,2020,1
machine translation,natural language processing,2020,1
aspect-based sentiment analysis,topic modeling,2020,1
annotators,tweets,2020,1
machine learning methods,text mining,2020,1
cnn,deep learning techniques,2020,1
algorithms,natural language processing (nlp),2020,1
classification,machine learning methods,2020,1
identify,natural language processing,2020,1
machine translation,state-of-the-art approaches,2020,1
cnn,natural language processing,2020,1
deep learning architecture,natural language processing techniques,2020,1
bag-of-words,nlp features,2020,1
text mining,trends,2020,1
nlp technologies,valuable insights,2020,1
artificial intelligence,predictive,2020,1
machine learning algorithms,posts,2020,1
semantic similarities,word embeddings,2020,1
chatbot,machine learning techniques,2020,1
quantum,quantum algorithms,2020,1
text,treatment,2020,1
auc,lstm,2020,1
artificial intelligence,method,2020,1
information extraction,nlp methods,2020,1
algorithms,f-scores,2020,1
emotions,tweets,2020,1
classifiers,data,2020,1
machine translation,rnns,2020,1
algorithms,features,2020,1
concepts,its,2020,1
natural language generation,natural language processing,2020,1
information extraction,nlp tasks,2020,1
bert,lstm,2020,1
nlp models,precision,2020,1
prediction accuracy,random forests,2020,1
ner,nlp,2020,1
datasets,nlp,2020,1
article,dataset,2020,1
regular expressions,tweets,2020,1
bert,nlp tasks,2020,1
logistic regression,tf-idf,2020,1
sentiment analysis,studies,2020,1
ai,challenges,2020,1
feature extraction,nlp pipeline,2020,1
machine learning (ml),nlp,2020,1
dl,neural networks,2020,1
nlp techniques,qualitative data,2020,1
bert,word2vec,2020,1
classifier,long short-term memory,2020,1
long short-term memory,lstm,2020,1
natural language processing techniques,user-generated content,2020,1
algorithm,sensitivity,2020,1
baseline,patients,2020,1
lexicon-based approaches,sentiment analysis,2020,1
model,natural language processing (nlp),2020,1
accuracy,studies,2020,1
semantic unambiguity,spr,2020,0
five medication-rights datasets,laptop category,2020,0
closed and open-ended questions,deep models,2020,0
user experience,vitamin(s),2020,0
analysis methods,good result,2020,0
semantic similarities,sparse principal component analysis,2020,0
lyrical differentiation,scheme,2020,0
dense word embeddings,evaluations,2020,0
adrs,patients with moderate-to-severe ad,2020,0
beam search,song lyrics,2020,0
natural language processing and machine learning,text classification,2020,0
online library content,search engine,2020,0
cscfg model structure,text descriptions,2020,0
135-mj energy consumption,videos,2020,0
79%,heterogeneous graph,2020,0
previous methods,trajectory classification,2020,0
lstm-generated language,wellness discourse,2020,0
project management web services,research design,2020,0
determining emotional polarity,"gene ontology, pathway, and network analysis",2020,0
drug review data,product,2020,0
cris platform,highly inflectional language,2020,0
88% accuracy in staging specimens,phytoconstituents,2020,0
latent spaces,positive psychological language,2020,0
literature corpus,thesaurus,2020,0
electoral manifestos,translation,2020,0
location and person names,mcs baseline,2020,0
image analysis,learning curves,2020,0
relationship extraction,small,2020,0
end to end web application,phenotype-mention identification tasks,2020,0
customized data dashboard,on-site analysis,2020,0
human ratings,security attacks,2020,0
chemical execution architecture,cross-linguistic corpus,2020,0
machine learning (ml)-based nlp,topic map,2020,0
deep learning frameworks,recall and precision,2020,0
bfcc,gender issues,2020,0
nimbleminer,simulate recruitment,2020,0
does,three baseline classifiers,2020,0
50 manually annotated medical histories,natural products,2020,0
training and test corpus,word-level features,2020,0
polyphenolic antioxidants,sentences,2020,0
deep learning methods,procedures,2020,0
social risk factor information,word of user input,2020,0
networks of actors,nlp platforms,2020,0
biomedical embeddings,symptom clusters,2020,0
135-mj energy consumption,schools and universities,2020,0
help,speech and natural language,2020,0
ehr data science,videos,2020,0
natural conversion,quantum computing models,2020,0
new reflection materials,psychological constructs,2020,0
conference proceedings,instructions,2020,0
"impaired memory, anxiety and/or depressed mood",solidarity,2020,0
gradient ridge regression,malware detection,2020,0
language features,system call sequences,2020,0
preprocessing,risk,2020,0
blstm,dictation support,2020,0
deep neural architectures,drug review data,2020,0
ensemble of models,machine learned classifiers,2020,0
digital humanities,waste,2020,0
arts management,grammatical deviations,2020,0
data layout,indications for egd procedures,2020,0
clinical data,understanding trends,2020,0
extragrammaticality,nlp-derived terms,2020,0
better parameters,word splitting,2020,0
more than 6500 words,reorganization and similarity-based content grouping,2020,0
existing parsers,log-mel spectrogram,2020,0
healthcare provider taxonomy code,sequential steps,2020,0
build,timing demands,2020,0
semantic pointer architecture,tumor grade,2020,0
content and automation level,prehospital ems motor vehicle crash records,2020,0
count vectorisation,mixed-method research,2020,0
attbilstm,method in this paper,2020,0
composition-based features,probability theory,2020,0
s status,sentence scoring,2020,0
linked pathology data,reddit users,2020,0
entities in each other's context,student online sentiment,2020,0
tagging and parsing accuracy,user experiment,2020,0
augmented clinical encounters,emotional aspects of an experience,2020,0
training corpus size,umls-eda,2020,0
bim hierarchy tree,downstream task,2020,0
automatic transliteration and segmentation,best overall performance,2020,0
control state,gender and age group,2020,0
keyword extraction algorithms,regularized logistic regression,2020,0
guided lda,public announcements,2020,0
drug discovery,tenfold cross-validation,2020,0
bag of words,histopathological diagnosis,2020,0
basic rules of the malagasy grammar,korean government,2020,0
dual embeddings,nlp approaches,2020,0
computer-coded authenticity,devices,2020,0
manual assessment,transcripts,2020,0
nlp-derived terms,value-based predictions,2020,0
evidence refutes a principle,negative to positive,2020,0
attention mechanisms,nlp methodology,2020,0
interpretation of embeddings,language diversity,2020,0
mood inclination,syndrome pattern in integrative medicine,2020,0
"distributed, low-latency and reliable ml",visual relations,2020,0
intended meaning,wide array of hyperparameters,2020,0
research candidates,rules-based algorithms,2020,0
voting decision,wfo recommendations,2020,0
glove,summary,2020,0
number of parameters,systematic literature analysis,2020,0
nlp processor,pretrained word embedding,2020,0
0.61,k-mers,2020,0
interpretable algorithms (logistic regression),text pre-processing,2020,0
deep learning,keyword analysis,2020,0
expert-generated list,robotic,2020,0
multimodal language,training corpus size,2020,0
open coding,prediction,2020,0
24% decrease,chinese word representation service,2020,0
narrative documentation,satisfactory performance,2020,0
confidence-scoring,umls® concepts,2020,0
affective valence,metadata-based statistical analysis,2020,0
audio processing,syntactic representations,2020,0
"machine-learning, data-driven",relationship extraction,2020,0
data models,privileged languages,2020,0
morphemes,tweets related to covid-19,2020,0
construction-defect cases,cprd,2020,0
event-driven process chain ontology,psychiatric disorders,2020,0
regulatory and law enforcement measures,text message survey questions,2020,0
gaze signal,statistical models,2020,0
nlp4re,user interfaces,2020,0
fentanyl misuse and side effects,young faculty members,2020,0
calculated,large-scale neural,2020,0
artificial intelligence technology,interaction,2020,0
hypotheses from behavioral research,hypothesis development,2020,0
bag-of-words,physician domain experts,2020,0
88% accuracy in staging specimens,new clustering techniques,2020,0
recognition of english words,system availability,2020,0
identify themes,pseaac,2020,0
investigate associations,system call sequences,2020,0
analyzing texts,approximate string matching,2020,0
91% accuracy and 0.93 f1 scores,performance-based assessments,2020,0
cris facility,egd procedures,2020,0
google play store applications,normal applications,2020,0
measures of clinical trajectory,traditional feature-based classifiers,2020,0
computational text analysis,vqa task,2020,0
blogcloud tool,nlp + investigator,2020,0
continuous measures,expand vocabulary,2020,0
digital humanities,research studies,2020,0
individual’s attention,term definitions,2020,0
system evaluations,therapeutic alliance,2020,0
customer feedback,women,2020,0
50 manually annotated medical histories,variation in policy implementation,2020,0
patient data and educational materials,search,2020,0
computer-based environments,sentiwordnet,2020,0
highly inflectional language,review articles,2020,0
big data science,google play store applications,2020,0
performance accuracy,speedup of 2.8 to 14 times,2020,0
language modeling,less widely used,2020,0
synonym lists,visual relations,2020,0
interview transcripts,saudi participants,2020,0
epitator,languages,2020,0
corpora,pos tagging,2020,0
existing models,network-based clustering,2020,0
negated symptoms,nlu,2020,0
mapping qualitative values to numerical values,text segmentation,2020,0
extract sequence embedding features,test forms,2020,0
manual assessment,nlp review,2020,0
ml-based approaches,sentence-level classification,2020,0
role for visualization,state-of-the-art performance,2020,0
regression operation,voice recognition,2020,0
easyclinicalinformationextractor[cie]-ssi,"social traditions, fashions, family norms",2020,0
20 procedures,robotics,2020,0
semantic measures,vectorization methods,2020,0
internal relationship between syndromes differentiation,prediction of the largest fragment,2020,0
shared writing space,technology,2020,0
more accurate prediction,multi-documents summaries,2020,0
identifying gold standard labels,scholars in information seeking and sense-making,2020,0
authors,fusing multimodal signals,2020,0
88% accuracy in staging specimens,xgboost gradient descent,2020,0
phenotype embedding,uniref50,2020,0
alleviation of acid retardation,tf-idf model results,2020,0
automated machine-learning speech classifier,sentence classification,2020,0
gender,graph processing,2020,0
privseq2seq,pubmed,2020,0
alternative,predictive ability,2020,0
lasso-regularized cox regression,summary,2020,0
deep learning models,syntactic parsing experiments,2020,0
faster than other models,labels,2020,0
f-scores,improvement,2020,0
automated machine-learning speech classifier,decg,2020,0
higher bandwidth and energy efficiencies,transformer-based architecture,2020,0
environments where objective information is scarce,weighted function of neural word embedding,2020,0
case data,nltk,2020,0
detailed description,ncbi taxonomy database,2020,0
concurrent modes of communication,sparse operations,2020,0
classification and identification of nfrs,flickr,2020,0
annotating large-scale datasets,computational methods,2020,0
candidate terms,contact information from business cards,2020,0
feasible,march 2020 to july 2020,2020,0
carbon loss,patients,2020,0
positive psychological language,six baselines,2020,0
low class-switched memory b cells,necessary data elements,2020,0
different more technologies,human gene functions and regulatory networks,2020,0
nlp platform,sparse operations,2020,0
736 fully annotated clinical notes,computational analysis,2020,0
production of information,sentiment analysis techniques,2020,0
national legal database,neural machine translation,2020,0
risks that may impact human beings,standard deviation,2020,0
coherent and readable summaries,questions and graded answers,2020,0
integrated,synthetic chief complaints,2020,0
knowledge base,preprocessing,2020,0
company’s core competencies,scholars in information seeking and sense-making,2020,0
identify,unbiased network clustering,2020,0
flexible,prominent features,2020,0
natural products,sql,2020,0
investigating the existing articles about bilingualism,reactivity prediction,2020,0
product owners and team,responses,2020,0
convolutional long short‐term memory neural network,diverse solutions,2020,0
accuracy of 99.9%,interviews,2020,0
extreme gradient boosting,reader,2020,0
genclip 2.0,phenotype embedding,2020,0
oral tasks,type token ratio and idea density,2020,0
ai techniques,attention mechanism lstm network,2020,0
funding ties,increasing amount of data,2020,0
domains,systematic compositional rules,2020,0
telemedicine-based services,xml-like text file,2020,0
fuzzy logic rules,high precision and recall,2020,0
computer programming,march 2020 to july 2020,2020,0
common models of deep learning,oecd,2020,0
dialog flow,forms of media bias,2020,0
f -measure (af),tensor layer,2020,0
computational analysis,excellent discrimination,2020,0
benchmarks and datasets,malay nlp,2020,0
"age, sex, subject group, and development",sentence segmentation,2020,0
orders of magnitude faster processing time,supervised,2020,0
behavioral health needs,go assignments,2020,0
"sensitivity, specificity, ppv, npv, accuracy",transition words or sentences to vectors,2020,0
automatically extract information,standardized questionnaires,2020,0
covid-19 related clinical trials,similarity,2020,0
relationship extraction,thousands more resources,2020,0
experimental features,thesaurus,2020,0
diagram recognition,identifying patients with alcohol misuse,2020,0
data requirements and objective functions,reasonably robust,2020,0
connection,world of our own,2020,0
multi-modal integration,polarity,2020,0
identify alcohol misuse,syntactic complexity,2020,0
biomarker status,hard to distinguish,2020,0
autoencoders,processing efficiency,2020,0
guidance,information retrieval (ir),2020,0
comparisons,computational,2020,0
decg,nouns,2020,0
contract management,timing,2020,0
better automation,short reads,2020,0
imst treebank,popularity of various polymers,2020,0
detection and resolution,human impressions,2020,0
cortical and subcortical structures,qualitative-only analysis,2020,0
neural networks,sl level,2020,0
bank of training materials,sql queries,2020,0
state-of-the-art methods,ten datasets,2020,0
2 deaths,performance-based assessments,2020,0
average stochastic gradient descent weight-dropped lstm,existing methods,2020,0
optical models,pddl,2020,0
confidence-scoring,performance analytics,2020,0
construction-defect cases,large amounts of training data,2020,0
curated list of ten sample questions,verbs,2020,0
language control tasks,latent spaces,2020,0
question generation matrix,sensitivity 89% (95% ci:81-94),2020,0
competency‐related tasks,keyword extraction algorithms,2020,0
necessary data elements,sedation-type order error rate,2020,0
local features,machine learning methods,2020,0
optimizing hyperparameters,speech features,2020,0
korean building permit requirements,mos,2020,0
areas under the precision-recall curves,elaboration likelihood model (elm),2020,0
deep learning-based recommendation models,"higher precision, recall and f1-scores",2020,0
f-measure of 89%,randomization strategies,2020,0
https://occviz.com/tmdl,natural language processing software inference,2020,0
duc 2004 benchmark dataset,sequence classification,2020,0
chatbots system,discovery of gravitational waves,2020,0
administrative data,gumbel tree-lstm,2020,0
hypotheses from behavioral research,qualitative and nlp methods,2020,0
blc,knowledge fusion,2020,0
bilingual evaluation understudy,multi-label classification,2020,0
approximate string matching,new blog generated by the system,2020,0
cnodes isotretinoin study,investigation,2020,0
opennlp,time span,2020,0
ibm watson,more likely to have,2020,0
biomedical embeddings,nlp tool,2020,0
crfs,lifestyle modification (advice and assessment),2020,0
hadoop data repository,nlp analyses,2020,0
generate,symptom identification,2020,0
learning curves,prominent features,2020,0
co-relations,knowledge base and information retrieval paradigms,2020,0
incoming text messages,pretrained language models,2020,0
artificial neural networks,intergovernmental organizations’ policies,2020,0
database sql query,melanoma primary prognostic factors,2020,0
regularized glms,semantic path,2020,0
computer algorithms,variability,2020,0
patient administration,similarity index,2020,0
2 deaths,conference size,2020,0
2-d mapping,genome sequencing,2020,0
"75,000 entries",pmi,2020,0
operative approach,recurrent neural network (rnn),2020,0
detection and removal,r/maleinfertility community,2020,0
bearing surface,lexical diversity,2020,0
image registration,qualitative observations,2020,0
ability to discern legitimate communications,nlp/cl,2020,0
filtering,visual relations,2020,0
entity extraction and analysis,google cloud natural language api,2020,0
neural language models,parsing,2020,0
four existing gazetteers,spans of interest,2020,0
existing library solutions,human multimodal language,2020,0
businesses,canvas,2020,0
frequency,human readers,2020,0
external peer review program assessments,various domains,2020,0
count vectorisation,psycho-linguistics,2020,0
coding decisions,parent node,2020,0
authors,natural language processing techniques,2020,0
extrinsic evaluators,three categories,2020,0
tf-idf model results,"turning a language ""off",2020,0
influence of different factors,schools and universities,2020,0
sustainable development of ai,written language,2020,0
positive psychological language,speech recognition,2020,0
interviews,wrapper container software,2020,0
different types of language use,textual representation,2020,0
accuracies greater than 0.91,role for visualization,2020,0
nl4dv,symptom vocabularies,2020,0
statistical and computational techniques,summarize documents,2020,0
clinical text encoder,dataset,2020,0
chinese word representation service,ehrs,2020,0
real-world typhoon datasets,traditional words,2020,0
exploration and analysis environment for embeddings,patient data and educational materials,2020,0
general introduction to the field,language modeling,2020,0
cross-lingual representations,psychology,2020,0
computation offloading,six baselines,2020,0
conventional deep learning methods,prediction accuracy,2020,0
text based searching,word segmentation,2020,0
gold standard encodings,network clustering,2020,0
pipeline,training data,2020,0
breadth first search web-crawler,free-text reports,2020,0
embedding representations,fentanyl,2020,0
dms devices,graph adversarial methods,2020,0
general practice consultations for zoster,significant decrease in perceived workload,2020,0
icall,training data,2020,0
automatic,other high-stakes english assessments,2020,0
administrative data,pattern of the words entered,2020,0
consumers’ path to conversion,progress and outcomes,2020,0
acm/ieee computing curriculum,image recognition,2020,0
mood inclination,pagerank,2020,0
frequencies of keywords,radiologic reports,2020,0
nlp-mies,uncertainty perceptions,2020,0
nlp and unsupervised learning approaches,solution,2020,0
incidence,phenotype embedding,2020,0
markov decision process,number,2020,0
frequency,mass media,2020,0
patients health information,teams,2020,0
map inference,speedup of 2.8 to 14 times,2020,0
different data set of know,political election results,2020,0
decg,s status,2020,0
bilstm-crf,information extraction,2020,0
generic smpcs,system performance,2020,0
morphological tool,system availability,2020,0
positive domain score,probabilistic,2020,0
clinical nlp systems,elements,2020,0
ordinary principal component analysis,signal sensing and acquisition methods,2020,0
international religious freedom reports,users to quickly access,2020,0
evaluations of new products,object values,2020,0
100% accuracy,image processing,2020,0
same objectives,task-specific tree structures,2020,0
importance,reasoning system,2020,0
inter-relationships between non-infectious disease outcomes,professional development,2020,0
deep learning frameworks,natural language query,2020,0
medicare reimbursement rates,view of verbal behavior,2020,0
attention,pre-trained language,2020,0
compression,spell-checker,2020,0
mean weighted f1,misinfotext,2020,0
isotonic calibration,logistic regression classifier,2020,0
bilingual language control,state-of-the-art,2020,0
average accuracy of 78%,speaker-driven data augmentation,2020,0
avoiding biases and human induced errors,chatbot system,2020,0
json object,tf-idf weighted glove word embedding,2020,0
corpora,cris,2020,0
customer requirements,operationalize knowledge,2020,0
accuracy of 57%,workflow process,2020,0
gender-fair language strategies,summarize documents,2020,0
cases,openehr archetypes,2020,0
easier interpretation of the principal components,most important variable,2020,0
parameter optimization,shallow parser,2020,0
competition,gate,2020,0
social data,validity metrics,2020,0
item,minimal required training examples,2020,0
high performance,identify alcohol misuse,2020,0
conversations,uncanny valley,2020,0
5-fold cross-validation classification accuracy,conference's contribution,2020,0
pathology types,transformations,2020,0
natural language processing (nlp),needle detachments,2020,0
cnn-rnn,semantic similarities,2020,0
binary fingerprints,implementation,2020,0
ainu language dictionaries,amazon comprehend,2020,0
cumulative cloze task,transfer learning techniques,2020,0
nlp and manual coding,rules,2020,0
clarit,keyword extraction algorithms,2020,0
kaiser permanente northwest data,natural language,2020,0
reminiscence,typhoon contingency plan generation,2020,0
inter-rater agreement,oyente,2020,0
biocuration work,design diagrams,2020,0
regression-based models,weighted f1 score,2020,0
operators,robot-assisted language learning,2020,0
filter-bank common spatial patterns,representation,2020,0
kernel smoothing,parallel corpus,2020,0
entity types,most frequently occurring word combinations,2020,0
critical applied linguistics,nlpdf,2020,0
"5,005",latent dirichlet allocation,2020,0
python package,scoring integrative complexity,2020,0
dependency parser outputs,planning typhoon contingency plan,2020,0
attbilstm,safer dx e-trigger tools,2020,0
end devices,named entity extractors,2020,0
black women,work requests,2020,0
students' resumes,transcript,2020,0
labels for the training data,traditional words,2020,0
mechanisms based on association,robot-assisted language learning,2020,0
coherence and perplexity score,corpora preparation tool,2020,0
decision trees,speech rate,2020,0
index egd procedures,keyword analysis,2020,0
learning tool,systematic literature analysis,2020,0
evaluations,five major problem areas,2020,0
genome sequencing,nine readability scales,2020,0
clinical sources,predict outcome,2020,0
emotion,graph processing,2020,0
colliding cashtags,european union texts,2020,0
development,understandings of context,2020,0
40 passages,95.2%,2020,0
computer vision,embedding deep neural networks,2020,0
knowledge-based recommender system,possible-treated cases,2020,0
ciliate tetrahymena pyriformis,faculty,2020,0
k-nn classifier,poor outcomes,2020,0
5% of articles,automate the extraction,2020,0
deep denoising autoencoder,open software suite,2020,0
kbimcode visual language,learning nlp,2020,0
earlier onset asthma,kbimcode visual language,2020,0
eligibility criteria text,multimodal projects,2020,0
feature extraction,microbial mechanisms of carbon accumulation,2020,0
intelligent clinical environments,odorwheel,2020,0
content mining,significantly superior quality of emotion recognition,2020,0
identifying overdose,nlp approaches,2020,0
digital storytelling,real time,2020,0
other methodologies and systems,speaking skills,2020,0
faster than other models,six audio pattern recognition tasks,2020,0
data models,users to quickly access,2020,0
electronic medical record (emr) transactions,reader,2020,0
toxicity data sets,training data,2020,0
ocr,rule-based classifier,2020,0
syntactic complexity,variation in policy implementation,2020,0
canvas,extracted features,2020,0
12 design principles,vectors of real numbers as inputs,2020,0
hhblits,logical,2020,0
converting engineering knowledge into semantic rules,kate,2020,0
egfr and alk test status,learning algorithms,2020,0
84 distinct topics,texts of the court proceedings,2020,0
gru,incumbency,2020,0
computer-driven,nl requirements,2020,0
anniversary,arabic and hindi,2020,0
discordant findings,sifrank+,2020,0
machine learning models,print reading,2020,0
conversations,duc 2004 benchmark dataset,2020,0
nlp pipeline,numpy,2020,0
knowledge base and information retrieval paradigms,research findings,2020,0
specification,tool,2020,0
ai recommenders,four annotation accuracy metrics,2020,0
development,process measures,2020,0
integrated,traditional systems,2020,0
abstracts,policy conditions,2020,0
grammar-dependent generalizations,previous methods,2020,0
query,strategic topics,2020,0
neural language models,oxford acute severity of illness score,2020,0
challenges,hierarchical agglomerative clustering,2020,0
area under the curve (auc),system training and benchmarking,2020,0
field,firebase,2020,0
magnetic resonance imaging report,speaker,2020,0
antimicrobial in clinical records,other methodologies and systems,2020,0
gold standard encodings,precision and recall,2020,0
everyday life,point detection,2020,0
previous methods,state-of-the-art accuracy,2020,0
eye-tracking,natural semantic metalanguage,2020,0
bidirectional long-short term memory,systematic review,2020,0
neural network models,pipeline-based natural language processing,2020,0
bilingual evaluation understudy,highlighting of new information,2020,0
848 primary headache patients,neurons,2020,0
human ratings,image classification,2020,0
java,supervised algorithms,2020,0
20 procedures,deep neural network,2020,0
effectiveness of e-triggers,image analysis methods,2020,0
"over 500,000 patients",sentiment fluctuation,2020,0
knowledge-based,linguists,2020,0
socially grounded theories,vectors of real numbers as inputs,2020,0
average annual growth rate of 18.39%,united states hospital,2020,0
esophageal biopsies,speech-acts,2020,0
each test case,sensitivity of 0.75,2020,0
context-free machine universal grammar,generation of text,2020,0
extent of preparation,graph describing the hardware modules,2020,0
android application,lower specificity,2020,0
annotators,microbial conditions ontology,2020,0
perceiving,sentence embedding model sif,2020,0
similarity thresholds,syntactic and semantic information,2020,0
50 manually annotated medical histories,f1-score,2020,0
control state,ensemble of classifiers,2020,0
evaluations of new products,network-based process map,2020,0
state-of-the-art,state-of-the-art prediction results,2020,0
list of terms,multiple processing layers,2020,0
emolex,familiarity,2020,0
electronic health record notes,lexical models,2020,0
covid-19 related clinical trials,land use intensification,2020,0
large-scale neural,lessons learned,2020,0
graph rewriting,openminted,2020,0
dynamic data,primary task-based module,2020,0
mean absolute deviation (mad),spatial database,2020,0
subcortical,system evaluations,2020,0
semantic questions,word embedding technique,2020,0
covid-19-sentiment classification,real-world interaction,2020,0
needle detachments,ways of giving answers,2020,0
actively created gender-neutral pronouns,magnetoencephalography,2020,0
data detection,social work referral,2020,0
algorithms,user experience,2021,1
keyword extraction,nltk,2021,1
nlp tasks,sentiment classification,2021,1
dataset,patients,2021,1
one-hot encoding,tf-idf,2021,1
machine learning,ml,2021,1
lasso regularization,model,2021,1
experiments,researchers,2021,1
python programming language,spacy library,2021,1
macro f1 score,nlp,2021,1
bert,proposed,2021,1
model,naïve bayes,2021,1
machine learning techniques,reddit data,2021,1
machine learning,twitter data,2021,1
lemmatization,natural language processing,2021,1
embeddings,metrics,2021,1
natural language processing technologies,ontology,2021,1
chatbot,message,2021,1
electronic health records,nlp-cam,2021,1
natural language processing,tokenization,2021,1
network analysis,word embedding,2021,1
machine learning (ml),suicide risk,2021,1
bert,named entity recognition,2021,1
clinical information,nlp pipeline,2021,1
algorithms,deep learning,2021,1
natural language processing algorithms,text processing,2021,1
best performance,clinicalbert,2021,1
accuracy,algorithms,2021,1
algorithms,performance,2021,1
intrusion detection,ml,2021,1
auc,ml models,2021,1
model,output,2021,1
performance,random forest,2021,1
nlp methods,research,2021,1
bert-base,nlp,2021,1
nlp technology,various domains,2021,1
automatic text analysis,findings,2021,1
image recognition,nlp techniques,2021,1
natural language processing,texts,2021,1
bert,state-of-the-art results,2021,1
logistic regression,svm,2021,1
bert,question answering,2021,1
machine translation,nlp applications,2021,1
best performance,rule-based nlp,2021,1
literature reviews,natural language processing,2021,1
data,natural language processing pipeline,2021,1
discharge summaries,nlp system,2021,1
nlp techniques,sentiment analysis,2021,1
posts,textual content,2021,1
f1 score,sentiment analysis,2021,1
administrative data,natural language processing,2021,1
extract clinically relevant information,nlp techniques,2021,1
algorithm,participants,2021,1
google,word2vec,2021,1
bert,best performance,2021,1
model performance,studies,2021,1
dataset,recurrent neural network,2021,1
convolution neural network,f1 score,2021,1
natural language processing,syntactic analysis,2021,1
dataset,framework,2021,1
logistic regression,xgboost,2021,1
f1-score,nlp applications,2021,1
deep learning,specificity,2021,1
labeled data set,nlp classifier,2021,1
content analysis,nlp-based,2021,1
cnns,sentiment analysis,2021,1
machine learning models,preprocessing,2021,1
f1-score,hybrid system,2021,1
other algorithms,random forest classifier,2021,1
filtering,ml,2021,1
cross-validated auc,machine learning,2021,1
decision trees,xgboost,2021,1
imaging reports,nlp,2021,1
machine learning,specificity,2021,1
deep learning models,nlp,2021,1
bert,classifier,2021,1
knowledge,nlp,2021,1
nlp tasks,question answering,2021,1
datasets,research,2021,1
natural language processing,nlp technology,2021,1
articles,nlp,2021,1
dimensionality reduction,model,2021,1
random forest,sensitivity,2021,1
machine learning models,posts,2021,1
nlp tasks,sentiment analysis,2021,1
emotions,random forest,2021,1
latent dirichlet allocation,topics,2021,1
cnn,word2vec,2021,1
algorithm,notes,2021,1
concepts,nlp,2021,1
latent semantic analysis,vector space models,2021,1
attention mechanisms,transformers,2021,1
computational linguistics,machine learning,2021,1
natural language processing (nlp),nlp techniques,2021,1
natural language processing techniques,reddit data,2021,1
disease phenotyping,nlp,2021,1
nlp,unstructured data,2021,1
deep learning architecture,sentiment analysis,2021,1
auc,rule-based,2021,1
bidirectional encoder representation from transformers,google,2021,1
electronic health records,nlp,2021,1
natural language understanding,text summarization,2021,1
latent dirichlet allocation,posts,2021,1
high precision and recall,nlp technology,2021,1
bert,classification accuracy,2021,1
content,tweets,2021,1
bag of words,term frequency-inverse document frequency,2021,1
random forest,specificity,2021,1
bert,gpt,2021,1
binary classification,ml models,2021,1
classification task,model,2021,1
natural language processing,software,2021,1
linguistic inquiry and word count,tweets,2021,1
content,nlp methods,2021,1
feature extraction,pos tagging,2021,1
nlp models,quantum circuits,2021,1
nlp models,transfer learning,2021,1
ai,natural language processing,2021,1
datasets,performance,2021,1
hidden markov,named-entity recognition,2021,1
bert,database,2021,1
sentiment classification,supervised machine learning techniques,2021,1
deep learning-based,natural language processing techniques,2021,1
proposed,svm classifier,2021,1
gpt,transformer architecture,2021,1
nlp models,recall,2021,1
datasets,natural language processing,2021,1
chatbots,natural language processing,2021,1
cnn,convolutional networks,2021,1
datasets,evaluation metrics,2021,1
accuracy,nlp-based,2021,1
cross-validated auc,logistic regression,2021,1
cluster analysis,reddit posts,2021,1
f1 score,rule-based,2021,1
nlp,social media posts,2021,1
artificial intelligence,nlp methods,2021,1
facebook,fake news,2021,1
dl,lstm,2021,1
information extraction,nlp methodologies,2021,1
natural language processing,reinforcement learning,2021,1
nlp-based,patients,2021,1
clinical notes,nlp pipeline,2021,1
convolutional networks,model,2021,1
conversations,nlp analysis,2021,1
f1-score,nlp-based,2021,1
machine learning algorithms,nlp,2021,1
model,natural language processing,2021,1
genetic,ocr,2021,1
nlp tool,specificity,2021,1
agreement,nlp pipeline,2021,1
nlp,sentiment analyzer,2021,1
natural language,nlp,2021,1
auc,baseline models,2021,1
topic analysis,web scrapping,2021,1
bibliometric analysis,insights,2021,1
algorithm,ppv,2021,1
nlp models,predictive models,2021,1
nlp,svm,2021,1
machines,nlp techniques,2021,1
linguistics,natural language processing,2021,1
ml models,significant potential,2021,1
binary classification,nlp models,2021,1
nlp,positive predictive value,2021,1
patients,resources,2021,1
nlp system,qualitative data,2021,1
bert,context,2021,1
features,nlp techniques,2021,1
natural language processing,text data,2021,1
nlp system,radiology reports,2021,1
natural language processing techniques,optical character recognition,2021,1
chatbots,machine learning,2021,1
deep learning,sensitivity,2021,1
topic modeling,word2vec,2021,1
pipeline,sensitivity,2021,1
natural language processing,program,2021,1
filtering,ml models,2021,1
negative predictive value,nlp,2021,1
content analysis,nlp,2021,1
high accuracy,transformers,2021,1
pre-trained language,transformers,2021,1
high accuracy,nlp,2021,1
natural language understanding,sentiment analysis,2021,1
nlp,unstructured text data,2021,1
language,mental illness,2021,1
dataset,model,2021,1
textrank,topic modeling,2021,1
features,risk,2021,1
nlp pipeline,test set,2021,1
covid-19 pandemic,nlp,2021,1
markov models,nlp,2021,1
nlp platform,tweets,2021,1
latent dirichlet allocation,topic modeling,2021,1
inconsistency,nlp methodology,2021,1
deep learning,nlp techniques,2021,1
machine learning,sensitivity,2021,1
bert,unstructured data,2021,1
autoencoders,dimensionality reduction,2021,1
neural network,word2vec,2021,1
nlp,pipeline,2021,1
deep learning techniques,nlp applications,2021,1
dataset,language models,2021,1
nlp applications,sentiment analysis,2021,1
nlp tasks,normalization,2021,1
natural language processing,transformer,2021,1
tf-idf,word2vec,2021,1
ehread technology,gold standard,2021,1
bert,language modeling,2021,1
algorithms,text data,2021,1
automated,natural language processing,2021,1
deep learning models,long short-term memory,2021,1
deep learning,popularity,2021,1
bert,multi-label classification,2021,1
embeddings,quality,2021,1
nlp techniques,practical tools,2021,1
named entity recognition,nlp tasks,2021,1
clinical notes,natural language processing algorithms,2021,1
artificial intelligence,chatbot,2021,1
chatbots,data collection,2021,1
framework,nlp,2021,1
benchmark,statistical models,2021,1
pipeline,specificity,2021,1
clinical information,nlp,2021,1
healthcare,nlp,2021,1
automatic speech recognition,natural language processing techniques,2021,1
accuracy,svm,2021,1
bert,speech recognition,2021,1
nlp,papers,2021,1
area under the curve (auc),model performance,2021,1
abstracts,bert,2021,1
dl models,nlp,2021,1
54%,accuracy rate,2021,1
named entity recognition (ner),ner,2021,1
naïve bayes,prediction accuracy,2021,1
nlp-based system,similarity score,2021,1
insights,nlp,2021,1
ai,predictive models,2021,1
studies,unified medical language system,2021,1
neural networks,papers,2021,1
nlp techniques,state of the art,2021,1
studies,systematized nomenclature of medicine,2021,1
model,support vector machine,2021,1
natural language processing techniques,parser,2021,1
annotations,machine learning,2021,1
bibliometric analysis,nlp papers,2021,1
data,pipeline,2021,1
nlp,nlu,2021,1
vectorize words,word2vec,2021,1
nlp pipeline,topic modeling,2021,1
corpora,turkish,2021,1
natural language processing,pipeline,2021,1
chatbot,students,2021,1
bert,contextual embeddings,2021,1
classification,developed,2021,1
participants,text data,2021,1
machine translation,nlp,2021,1
clinical notes,nlp engine,2021,1
nlp tasks,speech recognition,2021,1
nlp applications,transformer-based,2021,1
clinical narratives,nlp,2021,1
classification,supervised learning,2021,1
pre-trained language,success,2021,1
higher performance,proposed,2021,1
reddit posts,topics,2021,1
embedding models,quantum,2021,1
artificial intelligence,sentiment analysis,2021,1
natural language processing,textual data,2021,1
artificial intelligence,chatbots,2021,1
clinical notes,latent dirichlet allocation (lda),2021,1
natural language processing techniques,sentiment analysis,2021,1
bert,unstructured text data,2021,1
nlp models,significant potential,2021,1
papers,quantitative methods,2021,1
chatbot,datasets,2021,1
deep learning methods,machine translation,2021,1
nlp tasks,transformer,2021,1
patient notes,pipeline,2021,1
prediction,vosviewer,2021,1
algorithms,diagnosis,2021,1
rnns,sentiment analysis,2021,1
nlp tools,unstructured text,2021,1
nlp,treatment,2021,1
fake news,model,2021,1
neural network,sentiment analysis,2021,1
nlp models,sentiment classification,2021,1
chatbot,support vector machine,2021,1
anomaly detection,ml,2021,1
ehr data,nlp techniques,2021,1
gnns,nlp tasks,2021,1
machine translation,natural language processing,2021,1
accuracy,deep learning,2021,1
convolution neural network,mean accuracy,2021,1
aspect-based sentiment analysis,topic modeling,2021,1
gold standard,nlp,2021,1
bert,logistic regression,2021,1
deep learning techniques,natural language processing,2021,1
bert models,proposed,2021,1
clinical notes,natural language processing system,2021,1
corpora,language models,2021,1
ml models,random forest,2021,1
algorithms,natural language processing (nlp),2021,1
existing literature,researchers,2021,1
datasets,rl,2021,1
sentence similarity,sentiment analysis,2021,1
identify,natural language processing,2021,1
machine translation,state-of-the-art approaches,2021,1
nlp models,transformers,2021,1
nlp pipeline,unstructured data,2021,1
clinicalbert,transformer-based,2021,1
bert,text classification,2021,1
model,test set,2021,1
nlp,rule-based system,2021,1
gpt,language modeling,2021,1
negative sentiments,sentiment analysis,2021,1
clinical documentation,keyword search strategy,2021,1
algorithms,seizure frequency,2021,1
accuracy,classifiers,2021,1
google,transformer,2021,1
bert,naive bayes,2021,1
electronic healthcare records data,nlp models,2021,1
deep learning,pipeline,2021,1
bag-of-words,nlp features,2021,1
deep learning models,rnns,2021,1
text mining,trends,2021,1
nlp,text summarization,2021,1
natural language processing techniques,topic modeling,2021,1
nlp technologies,valuable insights,2021,1
artificial intelligence,predictive,2021,1
machine learning algorithms,posts,2021,1
semantic similarities,word embeddings,2021,1
natural language processing,regular expressions,2021,1
latent semantic analysis,trends,2021,1
application,deep learning,2021,1
sentence similarity,text mining,2021,1
chatbot,machine learning techniques,2021,1
nlp,strengths and weaknesses,2021,1
ehrs,nlp classifier,2021,1
dataset,nlp methods,2021,1
application,python,2021,1
quantum,quantum algorithms,2021,1
text,treatment,2021,1
bert models,extract,2021,1
auc,lstm,2021,1
autoencoders,feature extraction,2021,1
artificial intelligence,method,2021,1
bilstm,roc-auc,2021,1
information extraction,nlp methods,2021,1
bert,elmo,2021,1
bert,ehrs,2021,1
emr,nlp,2021,1
nlp,transformers,2021,1
named entity recognition,nlp pipeline,2021,1
algorithms,f-scores,2021,1
emotions,tweets,2021,1
nlp models,regularized logistic regression,2021,1
classifiers,data,2021,1
human raters,nlp methods,2021,1
machine translation,rnns,2021,1
interpretability,sentiment analysis,2021,1
deep learning,natural language processing technology,2021,1
algorithms,features,2021,1
deep neural networks,interpretability,2021,1
bert,tweets,2021,1
nlp pipeline,notes,2021,1
random forest,word2vec,2021,1
artificial intelligence,popularity,2021,1
tweets,twitter application programming interface,2021,1
algorithms,roc curve,2021,1
clustering,topics,2021,1
algorithms,quantum natural language processing,2021,1
diagnoses,nlp,2021,1
nlp,researchers,2021,1
ml,nlp,2021,1
bert,machine translation,2021,1
diagnosis,nlp,2021,1
nlp,topics,2021,1
information extraction,nlp tasks,2021,1
nlp models,precision,2021,1
prediction accuracy,random forests,2021,1
bilstm,lstm,2021,1
cluster analysis,corpus,2021,1
83% accuracy,model,2021,1
ner,nlp,2021,1
auc,xgboost,2021,1
natural language processing,predictive,2021,1
anomaly detection,autoencoders,2021,1
interpretability,machine translation,2021,1
model,sensitivity,2021,1
database,word2vec,2021,1
datasets,nlp,2021,1
re,relationships,2021,1
new,sentiment analysis,2021,1
accuracy rate,random forest,2021,1
biobert,xgboost,2021,1
nlp techniques,ontology,2021,1
framework,natural language processing,2021,1
bert,nlp tasks,2021,1
logistic regression,tf-idf,2021,1
studies,topic modeling,2021,1
sentiment analysis,studies,2021,1
ai,challenges,2021,1
dl,neural networks,2021,1
nltk,sentiment,2021,1
nlp techniques,qualitative data,2021,1
classifier,long short-term memory,2021,1
methodology,nlp,2021,1
nlp,unigrams,2021,1
participants,technology,2021,1
challenges,nlp techniques,2021,1
bilstm,word2vec,2021,1
natural language processing,network analysis,2021,1
bert,sentiment classification,2021,1
bert,topic modeling,2021,1
long short-term memory,lstm,2021,1
bert,text summarization,2021,1
clinical notes,machine learning,2021,1
accuracy,nlp tool,2021,1
natural language processing,researchers,2021,1
chatbot,keywords,2021,1
natural language processing,topics,2021,1
electronic health records,natural language processing algorithms,2021,1
algorithm,sensitivity,2021,1
nlp,observational research,2021,1
nlg,nlp,2021,1
baseline,patients,2021,1
lexicon-based approaches,sentiment analysis,2021,1
model,natural language processing (nlp),2021,1
accuracy of 96%,model,2021,1
natural language processing methods,pipeline,2021,1
accuracy,studies,2021,1
nlp engine,pipeline,2021,1
named entity recognition (ner),nlp pipeline,2021,1
chart review,nlp pipeline,2021,1
information extraction,nlp system,2021,1
emotions,logistic regression,2021,1
nlp tasks,transformer-based,2021,1
algorithms,themes,2021,1
database,nlp system,2021,1
gpt,natural language processing tasks,2021,1
dictionary-based,sentiment analysis,2021,1
uspto-50k test dataset,vectorization methods,2021,0
arabic and hindi,seven types of situational information,2021,0
psychiatry,reasoning layer,2021,0
patients with mi,python,2021,0
alicia,socially grounded theories,2021,0
late mst disclosure,mibig repository,2021,0
gender-fair language strategies,quantitative methods,2021,0
chemu 2020 lab,text classification process,2021,0
expertise of cybersecurity professionals,nlp results,2021,0
non-msha narratives,valuable knowledge and experience,2021,0
continuous time recurrent neural network,reading,2021,0
medical concepts,theoretical issues,2021,0
neural joint,ssnap,2021,0
49.77 percent accuracy,hhblits,2021,0
1987 radiology reports,trained models,2021,0
automate the extraction,truth content,2021,0
engineering problems,mine data,2021,0
24 million tweets,effect,2021,0
de novo topic model sets,free text,2021,0
contextualized,larger-scale applications,2021,0
fentanyl,phenotypic data,2021,0
black-box behavior,virtual screening,2021,0
sentimental values,transform the text,2021,0
kachako,radiology reports,2021,0
patients with mpca,transformation scheme,2021,0
challenges and strengths of prcts,content that is less specific,2021,0
hybrid information extraction pipeline,tf-idf,2021,0
automated preventive maintenance system,higher-level features,2021,0
evaluators,problem transformation,2021,0
expert-generated list,software agents,2021,0
content classifier,impt-fdnpl,2021,0
34 non-infectious disease outcomes,requirement documents,2021,0
computational discourse analysis,terms semantically similar with treatment indications,2021,0
sl level,state-of-the-art approaches,2021,0
picture description,svm classification,2021,0
supervised and unsupervised learning,word2vec embedding,2021,0
ensemble of various similarity features,qawizard,2021,0
efficacy,nlp tools,2021,0
american sign language,relationship,2021,0
agent,speaking skills,2021,0
lstmneural network,paired forms,2021,0
multiple correspondence analysis,precision of 88%,2021,0
secure multi-party computation (mpc),text-based online support groups,2021,0
disambiguation in requirement engineering,video content,2021,0
k-nearest neighbors,tranquillity,2021,0
f1,structured ehr domain,2021,0
ctcae terms,google's cloud vision,2021,0
linnaean taxonomy,seven principles,2021,0
chatbot,false positive rate of 3%,2021,0
lis,traditional systems,2021,0
cwts,medical natural language processing,2021,0
high-quality vs low-quality feedback,sifrank+,2021,0
human extractors,personalized approach to learning,2021,0
nlp-pac + /nlp-api +,qualitative observations,2021,0
sentiment analysis problems,unstructured data,2021,0
automated analysis,more likely to have,2021,0
language learners,medical nlp,2021,0
authors,communicate results,2021,0
image vision,score in the database,2021,0
data colonialism,integrating named entities,2021,0
anf,classic philosophic works,2021,0
contrastive learning,microaveraged f1 scores,2021,0
bigrams,latest acceleration technology,2021,0
features in different modes,u.s. patent data,2021,0
afinn-111,documentation of goals of care,2021,0
truth content,users to quickly access,2021,0
medweb task,word-level features,2021,0
review,text analysis algorithms,2021,0
edge bundling,inferring diagnoses,2021,0
artificial neural network (ann),compensation process,2021,0
dictionaries,pengunjung website,2021,0
cui embeddings,natural language tools,2021,0
arts management,three-dimensional dispersion plots,2021,0
htr system metrics,identify alcohol misuse,2021,0
quantitative loneliness,timeline,2021,0
atopic cluster,"atrial fibrillation, hypertension, and diabetes mellitus",2021,0
cure to covid-19,recurrent neural network (rnn),2021,0
correct spelling,five medication-rights datasets,2021,0
artificial text,recipes,2021,0
customer review's containing product's features,multilingual and interlingual semantic representations,2021,0
asynchronous learning,data obtained through vps,2021,0
mental health complaints,model to adapt,2021,0
disease prevention strategies,weka,2021,0
embedding deep neural networks,unigram features,2021,0
9961 instances,user-generated online comments,2021,0
impact areas,mibig repository,2021,0
easier interpretation of the principal components,svm technique,2021,0
dr and ri,n-gram,2021,0
croatian online media,state-of-the-art predictor,2021,0
log-mel spectra,undergraduate education studies students,2021,0
bead-based genome library preparation,sql,2021,0
empathy and respectfulness,twitter,2021,0
same objectives,semantic pre-activation mechanism,2021,0
experimental features,problems,2021,0
state-of-the-art techniques,word order characteristics,2021,0
5% of articles,negative predictive value,2021,0
"75,000 entries",research questions,2021,0
ner,pharsing,2021,0
nine readability scales,reference publications,2021,0
good results,time series analysis,2021,0
learned clusters,pool of mined residues,2021,0
cohen’s κ,lexico-syntactic patterns,2021,0
local surrogate,receiver operating characteristic (roc) analysis,2021,0
qualitative thematic content analysis,reporting workflows,2021,0
host to the rank of class,stopwords dataset,2021,0
association words,research,2021,0
ensemble of two deep cnns,stage,2021,0
training logistic regression,variant calling,2021,0
models based on bi-lstm and bert-unilm,terms,2021,0
hybrid clinical nlp system,lvef,2021,0
lexicons,multimodal language,2021,0
improved model performance,refine,2021,0
emotions,zoster-related visits to the doctor,2021,0
computational discourse analysis,rnn+lstm neural network,2021,0
classification accuracy rate,personalized learning platforms,2021,0
research outputs,spelling correction,2021,0
leap,toolkits and procedural steps,2021,0
data-driven learning,pregroup grammars,2021,0
engineering rules,supervised learning,2021,0
epidemiological information,technological achievements,2021,0
gold standard set of 146 patients,legal sector,2021,0
contextualized,english free-text radiological reports,2021,0
pedestrians,pyspark,2021,0
geotagged tweets,search for cooperation,2021,0
bolstered,nlp papers,2021,0
herbal name,linguistic inquiry and word count,2021,0
clinical documents,telemedicine-based services,2021,0
extra trees,rule-based system,2021,0
human–ai hybrid decision making,keyword-based systems,2021,0
natural language processing vocabulary,retrieval,2021,0
abdominopelvic nodes,tanya jawab,2021,0
public dataset,wmd,2021,0
decision rule,risk stratification,2021,0
micro-averaged f-score,simple neural network,2021,0
cprd,patients with mild ad,2021,0
actuators,biomedical nlp techniques,2021,0
sensitivity of 56.0%,text mining,2021,0
mapping rules,spinal canal stenosis,2021,0
areas under the precision-recall curves,f1 score,2021,0
accuracy of 0.958,opinions on hpv vaccination,2021,0
multiple source contexts,resolve inconsistency,2021,0
knowledge management,text,2021,0
paraphrase generation module,reaction time and accuracy,2021,0
clinicaltrials.gov corpus,difference,2021,0
same dataset,text mining and machine learning,2021,0
machine learning,theoretical issues,2021,0
document retriever,machine comprehension,2021,0
135-mj energy consumption,professional development,2021,0
prediction error,psychological constructs,2021,0
multioutputregressor,textual contents,2021,0
gene network information,transition words or sentences to vectors,2021,0
data vectors,high classification results,2021,0
clinical text encoders,identifying word types and sentence patterns,2021,0
coinventor network mapping tool,rrid reporting guidelines,2021,0
agreement,poincaré embeddings,2021,0
chatbot system,detecting a customer’s reaction,2021,0
linear regression,onset paragraphs,2021,0
classify the text data,women without diagnostic codes,2021,0
sociocultural-based research,unbiased network clustering,2021,0
neural attention mechanism,normalized gini index feature selector,2021,0
international religious freedom reports,natural language processing (npl) terms,2021,0
average annual growth rate of 18.39%,mimic-iii database,2021,0
evaluasi ejaan dan grammar,services,2021,0
best scores,flca,2021,0
symptom domains,understanding a human request or query,2021,0
patients that had longer treatment duration,semantic charaparser tool,2021,0
jieba,variability,2021,0
implementation,phrase identification,2021,0
existing medication information extraction systems,stacked histogram visualization,2021,0
ir researchers,system combinations,2021,0
cancer pathology reports,long-read genomic or cdna mappers,2021,0
main application fields,veterinary consultation records,2021,0
provider notes,rumour classification system,2021,0
long-term dependencies between word sequences,nurses,2021,0
drug discovery,"sensitivity, specificity, positive predictive value",2021,0
hamming loss,"research involving corpus‐, computational‐, and psycho‐linguistics",2021,0
artificial feature extraction,patient data and educational materials,2021,0
prediction accuracy,question answering,2021,0
content offloading,interface,2021,0
knowledge-based,low class-switched memory b cells,2021,0
20 procedures,sifrank+,2021,0
81.6 to 87.6%,digital devices,2021,0
deep-transfer-learning-based natural language processing,network,2021,0
hybrid information extraction pipeline,veterans,2021,0
number of articles,sensitivities between 0.53 and 0.93,2021,0
nlp tasks,previous models,2021,0
characterizing the suicidality of patients,identify themes and sentiment,2021,0
baidu’s deepspeech neural net,statistics,2021,0
natural language pre-processing,naturally uttered speech,2021,0
alankaar,languages,2021,0
ehread technology,qualitative thematic content analysis,2021,0
negative symptom domains,pre-trained vectors,2021,0
experimental task,imaging reports,2021,0
areas under the precision-recall curves,sentiment analysis techniques,2021,0
natural language processing application,patients with moderate-to-severe ad,2021,0
climate misinformation movement,traditional machine learning techniques,2021,0
increasing_day_by_day,phenotype pipeline,2021,0
review articles,virtual simulator,2021,0
dropout,existing literature,2021,0
cnn models,machine learning (ml) techniques,2021,0
clinicalbert,markov decision process,2021,0
chemical code,learning capacity,2021,0
cognitive dysfunctions,tranquillity,2021,0
machine annotations,"rnn, mv-rnn and lstm",2021,0
clinicalbert,complex sentences,2021,0
ebs systems,variant calling,2021,0
anxiety,terms semantically similar with treatment indications,2021,0
feature maps,spark nlp,2021,0
75 t-cell and 15 b-cell subsets,pmi,2021,0
f1 score of 81.63%,visualisasi data,2021,0
pronouns,senior experienced faculty members,2021,0
ir researchers and digital library professionals,single-trial analyses,2021,0
inter-topic similarities,percentage of general public,2021,0
larger-scale applications,students' learning,2021,0
choice of conferences,time-lagged linear regression,2021,0
sentence features,text-based,2021,0
image classification tasks,obtain useful information,2021,0
contract keyword detection (ckd),kappa coefficient,2021,0
list of words,systematic literature review,2021,0
abstract vocabulary,anomaly detection,2021,0
nlp landscape,split,2021,0
misspelled words,symptom domains,2021,0
scientific articles,tumor grade,2021,0
oyente,prevalent topics,2021,0
experimental results,text-guided attention network,2021,0
medical image processing and image analysis,services,2021,0
methodologically-sound strategies,micro-f1 score,2021,0
particular exposures,visual inputs,2021,0
chess,data sets,2021,0
human multimodal language,lexico-syntactic patterns,2021,0
focused crawlers,rapid assessment,2021,0
cogstack platform,keyword-based nli,2021,0
chinese word representation service,local surrogate,2021,0
autopoiesis,stronger connectivity,2021,0
semantic variables,twitter posts,2021,0
rile,search for cooperation,2021,0
agile way of working,story re-telling task,2021,0
similarity,workflow paths,2021,0
online proficiency exam,six baselines,2021,0
entire mri processing chain,sars-cov-2 testing,2021,0
gene and keyword,narratives,2021,0
generate,musical knowledge,2021,0
inter-observer agreement,mapping qualitative values to numerical values,2021,0
risk registers,sprogteknologi-forskning,2021,0
cnlp,requirement documents,2021,0
nlp methodologies,requirements analysis phase,2021,0
code comments,color-naming data,2021,0
classification results,natural language processing classifier,2021,0
multi-modal integration,web,2021,0
expressions of tcm synonymous symptoms,gib-specific terms,2021,0
downsides of using natural language stimuli,transcribe,2021,0
extraction of procedural indication data,social changes,2021,0
allergen nomenclature,blockchain,2021,0
heuristic search stemming,statistical models,2021,0
benefits and drawbacks,etc,2021,0
hybrid information extraction pipeline,reflection materials,2021,0
rule-based reasoning,semantic measures,2021,0
medical natural language processing,rule sets,2021,0
extraction of reporting requirements,multiple baselines,2021,0
housing elements update every five years,semantic verbal fluency score,2021,0
dynamic topic,probability theory,2021,0
ai techniques,dda,2021,0
same basic mechanisms and models,text-based approaches,2021,0
"impaired memory, anxiety and/or depressed mood",large amounts of training data,2021,0
analyzing value- and belief-related features,different aspects of lexical predictability,2021,0
age and within-group differences,polarity,2021,0
character-level neural networks,structured ehrs,2021,0
re-implementable and automated,star ratings,2021,0
digital scribes,find knowledge from written textual data,2021,0
c-statistics,deep learning and probabilistic generative models,2021,0
document clustering,mortality prediction,2021,0
75 t-cell and 15 b-cell subsets,dataset,2021,0
r package,svm ml,2021,0
bibliometrics,hhc assessment data,2021,0
efficiency,large standard corpora,2021,0
ocr,sensitivity 0.92,2021,0
biobert,human curation,2021,0
short text classification,youtube api version 3.0,2021,0
global and national protocols and regulations,student online sentiment,2021,0
convnet,research outputs,2021,0
pubmed database,surnames of the judges,2021,0
icd codes,social work educators,2021,0
ai techniques,automated assessment,2021,0
domestic dog,manually labelled categories,2021,0
gold-standard human-annotated clinical text,recurrent gnns,2021,0
anomaly detection,ehread technology,2021,0
health data,weibo data,2021,0
classify narratives,latent class analysis,2021,0
defining characteristics,participant systems,2021,0
automated subject extraction,zynq 7020 fpga,2021,0
analysis of,nodemcu,2021,0
existing best results,hybrid,2021,0
researcher,sh prediction,2021,0
natural language processing and deep-learning,rdoc symptom scores,2021,0
recognition of english words,svm technique,2021,0
predict the vulnerability,similarity score,2021,0
concrete descriptors,f1 score of 0.833,2021,0
queries,total number of abstracts,2021,0
esi,follow-up zoster consultations,2021,0
sonorous consonants,trajectory classification,2021,0
preliminary knowledge of nlp,security attacks,2021,0
83% accuracy,density-based spatial clustering,2021,0
embedding deep neural networks,significant potential,2021,0
0.7759 accuracy,nvaf,2021,0
97% precision,health systems,2021,0
ctakes,provider notes,2021,0
clarit,simple questions,2021,0
28 coherent topics,nlp tasks,2021,0
gutenberg english poetry corpus,part-of-speech/morphological tagging,2021,0
pandemic,speech features,2021,0
automatic tagger,syntactical and semantic based transformation scheme,2021,0
ai research,cve-ids,2021,0
bags-of-words,biomedical nlp techniques,2021,0
feature-based,mean absolute deviation (mad),2021,0
high-quality vs low-quality feedback,reasoning system,2021,0
four existing gazetteers,message cohort,2021,0
human evaluation task,smell,2021,0
f -measure (af),microblogs,2021,0
emotional state,performance modeling,2021,0
simple questions,up to 120 times less data,2021,0
extreme gradient boosting,term frequency–inverse document frequency,2021,0
98%,performance,2021,0
machines,search and category browsing,2021,0
administrative and nlp-derived variables,sentiment analyzer,2021,0
composite service,nisq devices,2021,0
empirical data,"per letter""",2021,0
cross-domain sentiment classification,intrusion detection,2021,0
low class-switched memory b cells,picture description,2021,0
engineering problems,themes and subthemes,2021,0
five major problem areas,image vision,2021,0
4mcnlp-deep,patients with rp,2021,0
cloze procedure,primary task-based module,2021,0
comments,nlp experts,2021,0
mean (sd) 23.0 (4.1) seconds,personalized learning platforms,2021,0
abdominopelvic nodes,computational techniques,2021,0
"accuracy, 0.97",cyk,2021,0
duolingo english test,phenotype-mention identification tasks,2021,0
learning outcomes,maximum-entropy markov,2021,0
document content,text transcripts,2021,0
increased risk of death,multinomial support vector machines,2021,0
medqa,poetry composition,2021,0
coding,linguistic inquiry and word count,2021,0
state of the art,text from images,2021,0
0.720 match accuracy,relevant improvements,2021,0
firebase,institutional test set,2021,0
demonstrating the polish language,entities in each other's context,2021,0
e-trigger tools,individual or group client level,2021,0
ir researchers and digital library professionals,problem-based learning course,2021,0
candidates,semantic segmentation,2021,0
moonstone,reddit posts,2021,0
parsers,semantic theories,2021,0
automated assessment,mathew's correlation coefficient,2021,0
technical issues,toolkits,2021,0
15 u.s. history textbooks,construction-defect cases,2021,0
drf,inner states,2021,0
integrating named entities,seven distinct news domains,2021,0
build nlp tools,contextualized,2021,0
being hegemonic,nmt models,2021,0
amino acid 3-gram sequences,human sips gold standard data sets,2021,0
entity identification task,lda-generated topics,2021,0
mean sus score of 80.4,pubmed dataset,2021,0
end-to-end processes,lexicon-based approaches,2021,0
analytics databases,real-time monitoring of compliance,2021,0
commonalities and differences,human-machine interactions,2021,0
structured language model components,word of user input,2021,0
neural encoder architectures,tumor grade,2021,0
academic institution,reddit discussions,2021,0
inclination to cooperation,search engine,2021,0
obtain useful information,ocs information,2021,0
archival database,type token ratio and idea density,2021,0
analyze communication,six baselines,2021,0
cancer-related information,training set,2021,0
infrastructures of other clinical datasets,text descriptions,2021,0
json object,mechanisms based on association,2021,0
graded answers,topic modelling experiment,2021,0
97% relevant results,scipy,2021,0
ehr data quality,health system,2021,0
knowledge base population,two types,2021,0
60 participants,palliative care involvement,2021,0
interview data,multi-modal integration,2021,0
models and tools,sentiment analysis,2021,0
cosine distance functions,usability experiment,2021,0
prehospital ems motor vehicle crash records,size of data pieces,2021,0
benchmark corpus,phronetic contributions,2021,0
data compression,rule-based reasoning,2021,0
political metadata,vectorization,2021,0
list,paired forms,2021,0
"4,394,493 veterinary consultation records",similarity matrix,2021,0
13 t-cell subsets,fasttext algorithms,2021,0
feature-based,research priorities,2021,0
silvi,transformer-xl,2021,0
robot-assisted language learning,stepwise blocks spam mail,2021,0
contextualized,voice recognition,2021,0
behavioral tasks,screening of word naming,2021,0
linear,"waterbody type, designated water-use category",2021,0
documentation of goals of care,publication venue,2021,0
highlighting of new information,several ways,2021,0
february 2020 to july 2020,naive bayes classifier,2021,0
polarity,qualitative studies,2021,0
information function,traditional chinese questions,2021,0
esi,examined techniques,2021,0
poetry composition,type of faculty,2021,0
nlp strategy improvement,other disease predictive tasks,2021,0
nlp platform,number of parameters,2021,0
"age, sex, date",machine-learning,2021,0
ai system,forum posts,2021,0
logical,vector space models,2021,0
99% accuracy,word usage in context,2021,0
different moral expressions,linguists,2021,0
automatic text analysis,rapid assessment,2021,0
nlp analytics,study symptoms and symptom clusters,2021,0
sentence classification,success,2021,0
neuraldb,video processing,2021,0
best performance,linked pathology data,2021,0
clustering quality,connection,2021,0
contractual text,sentiments,2021,0
gru,indications for egd procedures,2021,0
machine learning models,machine universal grammar,2021,0
diagnostic yield,human–ai hybrid decision making,2021,0
binary outcomes,county-level opioid overdose death rates,2021,0
hepius,latent concepts,2021,0
ai-driven plagiarism detector,nlp-metaxa,2021,0
highest concordance,nursing hand-off communication,2021,0
precision: 85.56%,"social traditions, fashions, family norms",2021,0
covid-19,key themes,2021,0
nlp automation,solving pomdp problems,2021,0
methodology,terms and expressions,2021,0
case examples,deep learning fusion,2021,0
micro-f1 score,svm classifier,2021,0
pre-training models,socially grounded theories,2021,0
project time,r package,2021,0
data statements,identify specific guideline-based patient information,2021,0
computer algorithms,physician judgments,2021,0
kate,training dataset,2021,0
prostate cancer pathology data,requirement documents,2021,0
expert domain knowledge,system failure,2021,0
smart white board input,theories mentioned,2021,0
keyword extraction,top-5 accuracy,2021,0
f1 score of 81.63%,identifying positive aspects,2021,0
algorithms,user experience,2022,1
keyword extraction,nltk,2022,1
dataset,patients,2022,1
nlp tasks,sentiment classification,2022,1
one-hot encoding,tf-idf,2022,1
machine learning,ml,2022,1
python programming language,spacy library,2022,1
macro f1 score,nlp,2022,1
sentiment,valence aware dictionary and sentiment reasoner,2022,1
embeddings,metrics,2022,1
natural language processing technologies,ontology,2022,1
network analysis,word embedding,2022,1
machine learning (ml),suicide risk,2022,1
bert,named entity recognition,2022,1
machine learning models,sentiment score,2022,1
algorithms,deep learning,2022,1
natural language processing algorithms,text processing,2022,1
algorithms,performance,2022,1
intrusion detection,ml,2022,1
model,output,2022,1
performance,random forest,2022,1
bert-base,nlp,2022,1
nlp technology,various domains,2022,1
image recognition,nlp techniques,2022,1
bert,state-of-the-art results,2022,1
bert,question answering,2022,1
machine translation,nlp applications,2022,1
best performance,rule-based nlp,2022,1
literature reviews,natural language processing,2022,1
data,natural language processing pipeline,2022,1
contextual embeddings,transformer models,2022,1
posts,textual content,2022,1
nlp techniques,sentiment analysis,2022,1
administrative data,natural language processing,2022,1
extract clinically relevant information,nlp techniques,2022,1
google,word2vec,2022,1
model performance,studies,2022,1
nlp advancements,research,2022,1
convolution neural network,f1 score,2022,1
natural language processing,syntactic analysis,2022,1
deep learning,specificity,2022,1
labeled data set,nlp classifier,2022,1
content analysis,nlp-based,2022,1
cnns,sentiment analysis,2022,1
machine learning models,preprocessing,2022,1
f1-score,hybrid system,2022,1
other algorithms,random forest classifier,2022,1
0.96,auroc,2022,1
filtering,ml,2022,1
decision trees,xgboost,2022,1
imaging reports,nlp,2022,1
machine learning,specificity,2022,1
deep learning models,nlp,2022,1
nlp tasks,question answering,2022,1
natural language processing,nlp technology,2022,1
random forest,sensitivity,2022,1
machine learning models,posts,2022,1
emotions,random forest,2022,1
cnn,word2vec,2022,1
algorithm,notes,2022,1
concepts,nlp,2022,1
latent semantic analysis,vector space models,2022,1
attention mechanisms,transformers,2022,1
computational linguistics,machine learning,2022,1
natural language processing (nlp),nlp techniques,2022,1
disease phenotyping,nlp,2022,1
gpt-3,sentiment analysis,2022,1
deep learning architecture,sentiment analysis,2022,1
auc,rule-based,2022,1
bidirectional encoder representation from transformers,google,2022,1
electronic health records,nlp,2022,1
natural language understanding,text summarization,2022,1
high precision and recall,nlp technology,2022,1
bert,classification accuracy,2022,1
bag of words,term frequency-inverse document frequency,2022,1
random forest,specificity,2022,1
bert,gpt,2022,1
classification task,model,2022,1
average accuracy,svm,2022,1
content,nlp methods,2022,1
human language,natural language processing,2022,1
nlp models,transfer learning,2022,1
classification models,positive predictive value,2022,1
bayesian networks,extracted features,2022,1
ai,natural language processing,2022,1
datasets,performance,2022,1
bert,database,2022,1
sentiment classification,supervised machine learning techniques,2022,1
deep learning-based,natural language processing techniques,2022,1
proposed,svm classifier,2022,1
gpt,transformer architecture,2022,1
cnn,convolutional networks,2022,1
datasets,evaluation metrics,2022,1
accuracy,nlp-based,2022,1
f1 score,rule-based,2022,1
artificial intelligence,nlp methods,2022,1
classification models,xgboost,2022,1
dl,lstm,2022,1
information extraction,nlp methodologies,2022,1
natural language processing,reinforcement learning,2022,1
nlp-based,patients,2022,1
f1-score,nlp-based,2022,1
genetic,ocr,2022,1
nlp tool,specificity,2022,1
natural language,nlp,2022,1
auc,baseline models,2022,1
bibliometric analysis,insights,2022,1
algorithm,ppv,2022,1
nlp models,predictive models,2022,1
machines,nlp techniques,2022,1
linguistics,natural language processing,2022,1
ml models,significant potential,2022,1
nlp system,qualitative data,2022,1
features,nlp techniques,2022,1
natural language processing techniques,optical character recognition,2022,1
deep learning,sensitivity,2022,1
topic modeling,word2vec,2022,1
pipeline,sensitivity,2022,1
filtering,ml models,2022,1
content analysis,nlp,2022,1
high accuracy,transformers,2022,1
pre-trained language,transformers,2022,1
high accuracy,nlp,2022,1
natural language understanding,sentiment analysis,2022,1
nlp,unstructured text data,2022,1
dataset,model,2022,1
textrank,topic modeling,2022,1
features,risk,2022,1
latent dirichlet allocation,topic modeling,2022,1
machine learning,sensitivity,2022,1
bert,unstructured data,2022,1
autoencoders,dimensionality reduction,2022,1
neural network,word2vec,2022,1
nlp,pipeline,2022,1
deep learning techniques,nlp applications,2022,1
sentiment analysis,sentiment score,2022,1
dataset,language models,2022,1
nlp applications,sentiment analysis,2022,1
nlp tasks,normalization,2022,1
natural language processing,transformer,2022,1
tf-idf,word2vec,2022,1
bert,language modeling,2022,1
automated,natural language processing,2022,1
deep learning models,long short-term memory,2022,1
bert,multi-label classification,2022,1
nlp techniques,practical tools,2022,1
named entity recognition,nlp tasks,2022,1
clinical notes,natural language processing algorithms,2022,1
artificial intelligence,chatbot,2022,1
chatbots,data collection,2022,1
framework,nlp,2022,1
benchmark,statistical models,2022,1
auroc,xlnet,2022,1
pipeline,specificity,2022,1
healthcare,nlp,2022,1
automatic speech recognition,natural language processing techniques,2022,1
accuracy,svm,2022,1
bert,speech recognition,2022,1
nlp,papers,2022,1
abstracts,bert,2022,1
dl models,nlp,2022,1
54%,accuracy rate,2022,1
named entity recognition (ner),ner,2022,1
naïve bayes,prediction accuracy,2022,1
nlp-based system,similarity score,2022,1
insights,nlp,2022,1
ai,predictive models,2022,1
neural networks,papers,2022,1
human-computer interaction,nlp advancements,2022,1
nlp techniques,state of the art,2022,1
sentiment score,transformer-based,2022,1
natural language processing techniques,parser,2022,1
annotations,machine learning,2022,1
bibliometric analysis,nlp papers,2022,1
data,pipeline,2022,1
nlp,nlu,2022,1
sentiment analysis,valence aware dictionary and sentiment reasoner,2022,1
vectorize words,word2vec,2022,1
natural language processing,pipeline,2022,1
chatbot,students,2022,1
classification,developed,2022,1
participants,text data,2022,1
clinical notes,nlp engine,2022,1
nlp applications,transformer-based,2022,1
clinical narratives,nlp,2022,1
classification,supervised learning,2022,1
higher performance,proposed,2022,1
embedding models,quantum,2022,1
artificial intelligence,sentiment analysis,2022,1
natural language processing,textual data,2022,1
nlp,text analysis,2022,1
artificial intelligence,chatbots,2022,1
clinical notes,latent dirichlet allocation (lda),2022,1
nlp models,significant potential,2022,1
chatbot,datasets,2022,1
deep learning methods,machine translation,2022,1
nlp tasks,transformer,2022,1
patient notes,pipeline,2022,1
prediction,vosviewer,2022,1
algorithms,diagnosis,2022,1
rnns,sentiment analysis,2022,1
nlp tools,unstructured text,2022,1
fake news,model,2022,1
area under the curve,gradient boosting,2022,1
nlp models,sentiment classification,2022,1
promising results,prototype,2022,1
anomaly detection,ml,2022,1
operative notes,xlnet,2022,1
ehr data,nlp techniques,2022,1
gnns,nlp tasks,2022,1
methodology,other languages,2022,1
machine translation,natural language processing,2022,1
accuracy,deep learning,2022,1
convolution neural network,mean accuracy,2022,1
aspect-based sentiment analysis,topic modeling,2022,1
bert,logistic regression,2022,1
deep learning techniques,natural language processing,2022,1
bert models,proposed,2022,1
bayesian networks,natural language processing,2022,1
clinical notes,natural language processing system,2022,1
corpora,language models,2022,1
chatbot,multiple customers,2022,1
auprc,xlnet,2022,1
bert,transformer models,2022,1
existing literature,researchers,2022,1
datasets,rl,2022,1
identify,natural language processing,2022,1
nlp models,transformers,2022,1
nlp pipeline,unstructured data,2022,1
clinicalbert,transformer-based,2022,1
gpt,language modeling,2022,1
clinical documentation,keyword search strategy,2022,1
algorithms,seizure frequency,2022,1
accuracy,classifiers,2022,1
google,transformer,2022,1
bert,naive bayes,2022,1
electronic healthcare records data,nlp models,2022,1
deep learning,pipeline,2022,1
bag-of-words,nlp features,2022,1
deep learning models,rnns,2022,1
text mining,trends,2022,1
nlp technologies,valuable insights,2022,1
artificial intelligence,predictive,2022,1
machine learning algorithms,posts,2022,1
semantic similarities,word embeddings,2022,1
latent semantic analysis,trends,2022,1
application,deep learning,2022,1
sentence similarity,text mining,2022,1
chatbot,machine learning techniques,2022,1
nlp,strengths and weaknesses,2022,1
ehrs,nlp classifier,2022,1
dataset,nlp methods,2022,1
qnlp,quantum natural language processing,2022,1
quantum,quantum algorithms,2022,1
bert models,extract,2022,1
autoencoders,feature extraction,2022,1
ehr,patient data,2022,1
artificial intelligence,method,2022,1
bert,text analysis,2022,1
bert,elmo,2022,1
nlp,visualization,2022,1
nlp,transformers,2022,1
gradient boosting,rule-based nlp,2022,1
named entity recognition,nlp pipeline,2022,1
algorithms,f-scores,2022,1
emotions,tweets,2022,1
nlp models,regularized logistic regression,2022,1
classifiers,data,2022,1
human raters,nlp methods,2022,1
machine translation,rnns,2022,1
interpretability,sentiment analysis,2022,1
deep learning,natural language processing technology,2022,1
deep neural networks,interpretability,2022,1
bert,tweets,2022,1
random forest,word2vec,2022,1
bert,text generation,2022,1
tweets,twitter application programming interface,2022,1
clustering,topics,2022,1
gpt-2,gpt-3,2022,1
bert,mlp,2022,1
diagnoses,nlp,2022,1
nlp,researchers,2022,1
ml,nlp,2022,1
human language,nlp techniques,2022,1
bert,machine translation,2022,1
artificial intelligence,evaluation,2022,1
diagnosis,nlp,2022,1
nlp,topics,2022,1
information extraction,nlp tasks,2022,1
prediction accuracy,random forests,2022,1
bilstm,lstm,2022,1
gpt-3,language translation,2022,1
83% accuracy,model,2022,1
natural language processing,predictive,2022,1
anomaly detection,autoencoders,2022,1
interpretability,machine translation,2022,1
database,word2vec,2022,1
re,relationships,2022,1
nlp tools,thematic analysis,2022,1
accuracy rate,random forest,2022,1
biobert,xgboost,2022,1
nlp techniques,ontology,2022,1
framework,natural language processing,2022,1
bert,nlp tasks,2022,1
studies,topic modeling,2022,1
sentiment analysis,studies,2022,1
ai,challenges,2022,1
dl,neural networks,2022,1
attention mechanisms,transformer models,2022,1
nltk,sentiment,2022,1
nlp techniques,qualitative data,2022,1
nlp,spacy,2022,1
methodology,nlp,2022,1
nlp,unigrams,2022,1
natural language processing (nlp),transformer models,2022,1
participants,technology,2022,1
challenges,nlp techniques,2022,1
bilstm,word2vec,2022,1
natural language processing,network analysis,2022,1
long short-term memory,lstm,2022,1
bert,text summarization,2022,1
accuracy,nlp tool,2022,1
natural language processing,researchers,2022,1
research works,weaknesses,2022,1
natural language processing,topics,2022,1
fine-tuning,pre-trained language,2022,1
electronic health records,natural language processing algorithms,2022,1
algorithm,sensitivity,2022,1
nlg,nlp,2022,1
baseline,patients,2022,1
named entity recognition,nlp information extraction system,2022,1
lexicon-based approaches,sentiment analysis,2022,1
model,natural language processing (nlp),2022,1
accuracy of 96%,model,2022,1
natural language processing methods,pipeline,2022,1
accuracy,studies,2022,1
nlp engine,pipeline,2022,1
named entity recognition (ner),nlp pipeline,2022,1
emotions,logistic regression,2022,1
nlp tasks,transformer-based,2022,1
algorithms,themes,2022,1
database,nlp system,2022,1
human raters,transformer models,2022,1
customer sentiment,transformer models,2022,1
gpt,natural language processing tasks,2022,1
dictionary-based,sentiment analysis,2022,1
cnn,highest performance,2022,1
complex tagging schemes,hybrid machine learning and rule-based,2022,0
content engineering,traditional systems,2022,0
hcv,nlp-assisted observational clinical studies,2022,0
experimental analysis,gold-standard human-annotated clinical text,2022,0
multipremise entailment task,x-former,2022,0
cognitive status,shorter length of stay,2022,0
misconceptions in a software,research results,2022,0
emoji recognition,interpretable algorithms (logistic regression),2022,0
immersive virtual environment,on-site analysis,2022,0
clamp,machine learning alone,2022,0
rdoc scores,syntactic analysis,2022,0
cognitive nlp system,svm,2022,0
conventional keyword extraction methods,generating healthcare robot conversational content,2022,0
cris platform,prediction and classification,2022,0
five different datasets,knowledge fusion,2022,0
ai and ml,online health forums,2022,0
f 1 score,metamorphic testing technology,2022,0
characteristics,more emphasis,2022,0
make full use of,radiology reports,2022,0
other algorithms,weighted average f1 score of 90.0%,2022,0
clinical research studies,f1-score,2022,0
anesthesiologist's review,mcode,2022,0
data scientists,evaluation sample,2022,0
500 000 documents per hour,core clinical thinking test points,2022,0
callbot,reduction in number of hospital admissions,2022,0
pelamar kerja,thought records,2022,0
early bilingualism,first imaging of a black hole,2022,0
administrative codes alone,intuitive surgical inc,2022,0
97.6% recall,bleu score,2022,0
descriptive statistics and semantic analytic z-scores,open-source natural language processing tool,2022,0
american sign language,text data,2022,0
alternative,workload,2022,0
data relations,international religious freedom reports,2022,0
case data,health system,2022,0
accuracy of 99.9%,relevant information,2022,0
f-score,unison,2022,0
cwts,sentiment classification for review data,2022,0
arguments for the integration of,specimen,2022,0
cognitive functioning,syntax complexity,2022,0
extracted descriptions of abnormalities,radiologist adherence,2022,0
sentiment classification for review data,stopwords lists,2022,0
predictive identification of disease,processed data,2022,0
lexical resources,word embedding technique,2022,0
risk registers,state-of-the-art ner systems,2022,0
linear regression,textbooks,2022,0
nlp steps,speech features,2022,0
88.5%,bilstm with senclass,2022,0
improved model performance,satisfied,2022,0
convolutional long short‐term memory neural network,cprd,2022,0
participant’s psychedelic experience narrative,test data,2022,0
risk stratification,users to quickly access,2022,0
distributed and distributional representations,f 1 score,2022,0
lod data sets,nlp-derived assessments,2022,0
mean average precision (map),umls-metathesaurus,2022,0
string kernel,visflow subset-flow visualization system,2022,0
ehr data quality,more likely to have,2022,0
chi-square statistics,open datasets,2022,0
findings medical concept,recurrent mbc classification,2022,0
analyzing texts,nlp steps,2022,0
multitask learning mechanism,r/maleinfertility community,2022,0
platform,voxelized radar data,2022,0
statistical machine translation,unigram-based tagger,2022,0
cross-validation,lstm-crf,2022,0
deep neural architectures,nlp challenges,2022,0
pretraining,suggestions,2022,0
data preprocessing,specificity and negative predictive values,2022,0
biomedical nlp methods,recall of 91%,2022,0
complexity and applications,distractors,2022,0
event rates,lsa,2022,0
13,87.6%,2022,0
lesions,neuraldb,2022,0
98%,built-up area,2022,0
incumbency,rule-based features,2022,0
10–30% marginal improvement,easy-to-make rules,2022,0
fle,natural language text,2022,0
solving partially observable markov decision processes,themes and subthemes,2022,0
disruptive innovation,jobs,2022,0
attention-based bi-lstm+cnn hybrid,bert and xlnet,2022,0
classification of social media text,scores,2022,0
cross-lingual representations,processing,2022,0
attacking methods,deep generative modeling,2022,0
integration patterns,zoster-related visits to the doctor,2022,0
interpretations,parsers,2022,0
intersection over union,remote sensing services,2022,0
sifrank,timeline,2022,0
ai healthcare,head mri,2022,0
50 held-out test patients,traditional natural language pre-training technologies,2022,0
deep learning (dl) approaches,user experience,2022,0
cox regression models,deepred,2022,0
image analysis methods,robustness of attacks,2022,0
materialbert,nlp text processing techniques,2022,0
term doctor,word-embedding,2022,0
hnlpzwa,most commonly reported manic symptom,2022,0
descriptive statistics and semantic analytic z-scores,tweet,2022,0
decision tree (dt),word vector embeddings,2022,0
training a computational,tts tasks,2022,0
continuum,watermark,2022,0
existing library solutions,spearman's correlation,2022,0
hybrid nlp-qualitative methods,textual big data,2022,0
india,job search,2022,0
security attacks,toxicological effects,2022,0
characterization of the language,evaluation strategies and techniques for nlp,2022,0
auroc,county-level opioid overdose death rates,2022,0
methodology,multiservice integral system architecture,2022,0
entity types,f1,2022,0
individuals,ml ensembles,2022,0
natural language processing application,quantitative models,2022,0
construction accident case thesaurus,google's cloud vision,2022,0
algorithm,chatbot,2022,0
patient disease phenotypes data,weighted average f1 score of 90.0%,2022,0
elation,twitter data,2022,0
discourse complexity assessment,hybrid machine learning,2022,0
accuracy of 22%,target information,2022,0
electra,sentiment analysis techniques,2022,0
loss function minimization,medical documents,2022,0
aeco sector,keyword filters,2022,0
photonic networks,q-lstm,2022,0
intergovernmental organizations’ policies,opinion mining,2022,0
focus on problem solving,procedure,2022,0
advanced textual preprocessing,word vector embeddings,2022,0
13 t-cell subsets,data scientists,2022,0
chart reviews,computer algorithms,2022,0
language processing applications,minimal required training examples,2022,0
consistency regularization,datasets,2022,0
existing parsers,phenotype embedding,2022,0
natural products,trends and discrepancies,2022,0
movie reviews,sentence features,2022,0
computational discourse analysis,memory arbiter,2022,0
late bilingualism,sequence-to-sequence learning,2022,0
digitalization process,select text-related regions,2022,0
lvef,students,2022,0
dialogflow tools,state-of-the-art techniques,2022,0
analyze large amounts of unstructured data,microsoft,2022,0
raters,stochastic simulations,2022,0
nlp-driven smart healthcare,performance improvement,2022,0
accuracies from 90% to 99%,text pre-processing,2022,0
linguistic inquiry and word count,technological achievements,2022,0
local decision boundaries,thesauri,2022,0
13,average reporting delay,2022,0
advanced imaging techniques,embedding documents into feature vectors,2022,0
emotional and linguistic constructs,suicide ideation,2022,0
q-lstm cell,sentence-level support vector machines (svm)-based classification,2022,0
parent node,requirements that may need similar fixes,2022,0
"sensitivity, specificity, positive predictive value",understanding of the patient’s clinical records,2022,0
0.99,objectivity of scoring,2022,0
all methods,bidirectional long short-term memory (bilstm),2022,0
overall sentiment,voices to the tasks,2022,0
f 1 score,phase i,2022,0
ai-powered tools,efficiency,2022,0
1.4 billion,nlp-pac + /nlp-api +,2022,0
bosc,identifying ailments,2022,0
diagnosis,growth,2022,0
general population cohort,waste,2022,0
findings,semantic-based taxonomy of risks,2022,0
high classification results,topic models,2022,0
crnf,merge,2022,0
highest f1-measure,industries,2022,0
20 procedures,gradient tree boosting,2022,0
open-access,prediction of the remaining useful life,2022,0
latest publications,python package,2022,0
robotic synthesis code,syntactic features,2022,0
february 2020 to july 2020,story text,2022,0
neural joint,thesaurus,2022,0
chemdner corpus,clinical prediction and treatment,2022,0
reporting verbs,wrapper container software,2022,0
identifying positive aspects,outcome and assessment information set data,2022,0
different types of language use,nlp-empowered medical research publications,2022,0
emolex,study,2022,0
keyword extraction algorithms,ptsd care,2022,0
collective user knowledge-base,long short-term memory architecture,2022,0
numpy,semantics and grammar,2022,0
cross-linguistic corpus,vulnerability level,2022,0
environments where objective information is scarce,research investigation,2022,0
automatic transcriptions,text datasets,2022,0
predict public engagement,wake‐sleep,2022,0
lifestyle modification (advice and assessment),thematic synthesis,2022,0
"architectures, tasks, datasets, and performance measures",odds of ems transport,2022,0
abilities,phone call with family/friend,2022,0
bigger datasets,synthetic nlacps,2022,0
lexical complexity and semantic ambiguities,ppv of 100%,2022,0
data elements beyond mcode,f -measure (af),2022,0
epitator,loss function minimization,2022,0
different modalities,tf-idf classifier,2022,0
analyze,sequence tagging,2022,0
"artificial intelligence, learning algorithms, and ontologies",improve the support,2022,0
mechanical ventilation,three thematic groups,2022,0
pathology types,transfer learning methods,2022,0
behavioral health needs,statin non-acceptance task,2022,0
enjoyment,user reviews,2022,0
risk-taking,tpm text classification,2022,0
disease screening,named entity extraction,2022,0
potential diagnostic events,review articles,2022,0
areas under the precision-recall curves,nlp-generated symptom indicators,2022,0
tf–idf,urologist,2022,0
bag-of-words,imaging studies,2022,0
four test datasets,nlp/ml,2022,0
reduction of repetitive words,"sensitivity, specificity and cohen κ statistic",2022,0
morphological tool,survey responses,2022,0
rule-based clinical nlp system,unstructured data,2022,0
exam questions,ramsgrad,2022,0
challenge test results,variable extraction,2022,0
bi-lstm,knowledge base,2022,0
author of the sentence,relevant information,2022,0
machine learning,voice assistants,2022,0
basic terminologies,tweets,2022,0
industry 4.0,recognized dataset and diagram special utterances,2022,0
computerized decision support system,quantum algorithms,2022,0
discrete symbols,unigram-based tagger,2022,0
classical arabic documents,n-gram (1.1) and (2.2),2022,0
image registration,traditional machine learning algorithms,2022,0
24% decrease,sars-cov-2 testing,2022,0
additional patterns,neural network language models,2022,0
12 months,electronic healthcare records data,2022,0
information retrieval,warm therapy,2022,0
single decision tree,smm,2022,0
multiple methods,rule-based techniques,2022,0
biomedical detection and imaging technologies,sentence classifier,2022,0
daily nation newspaper,knowledge management,2022,0
bow and we encodings,every word in the testing data,2022,0
accuracy of 87.88%,sentence-level classification,2022,0
mimic-iii,patients health information,2022,0
bag of words,finetuning pipeline,2022,0
f-measure results,new,2022,0
language diversity,"subject, object, and verb detection",2022,0
knn,pattern recognition,2022,0
machine comprehension,reflection materials,2022,0
advances,cases as suicide,2022,0
multi-documents summaries,q-representation,2022,0
continuum,lowest loss,2022,0
deep models,model predictions,2022,0
new methodologies,software,2022,0
course contents,dialogflow api,2022,0
allergen candidates,best classification,2022,0
neural networks,sentence classification,2022,0
safer dx e-trigger tools,subnetworks,2022,0
lasso-regularized cox regression,scalable screening for suicide risk,2022,0
advanced ml methods,rules-based automated compliance checking,2022,0
736 fully annotated clinical notes,morphologically rich language,2022,0
image database,kbvl,2022,0
animal welfare regulations,retwnlpa,2022,0
extract,recurrent neural network,2022,0
learning curves,text mining processing,2022,0
media articles dataset,paraphrase generation module,2022,0
machine-learning algorithms,quality defect detection,2022,0
assessing content description skills,microaveraged f1 scores,2022,0
finding similarities between them,nlp-empowered medical research publications,2022,0
data mining approaches,evaluations dataset,2022,0
meanings of materials names,several measures,2022,0
mental states,same performance,2022,0
bert architecture,hypothesis generation algorithms,2022,0
"excellent precision, recall, and f score",speaker-driven data augmentation,2022,0
web scrapping,within-text cohesion indices,2022,0
hashtags related to minors,opinion mining,2022,0
data layout,thematic clusters,2022,0
area of research,disciplines like natural language processing,2022,0
citation count,psychotherapist notes,2022,0
google docs,nlp-based platform,2022,0
first cohort,influence of unlabeled proportion,2022,0
effective hidden features,ssd status,2022,0
ad detection,oral tasks,2022,0
easy-to-make rules,python package,2022,0
contextualized embedding,malnutrition,2022,0
adversarial attack technologies,excellent discrimination,2022,0
natural language processing (nlp)-based embedding technique,weibo data,2022,0
carefully constructed evaluations,spr research,2022,0
analyze large amounts of unstructured data,deciphering segment information,2022,0
genderize.io,understand,2022,0
predictive risk modelling,strong sensitivity and specificity,2022,0
case examples,experimentation,2022,0
"pre-training mechanism, advantages and disadvantages, performance",simple neural network,2022,0
knowledge discovery,precursors such as peanut shells,2022,0
extraction,onset paragraphs,2022,0
different projects,human phenotype ontology (hpo) term,2022,0
1858 consultation reports,gnps platform,2022,0
contract management,standardized questionnaires,2022,0
computer vision,interoperability layer,2022,0
case-study,landmark-dependent acoustic words,2022,0
accuracy of 87.88%,kaiser permanente northwest data,2022,0
auto-corpus,tcn,2022,0
building clinical text representations,protein docking,2022,0
does,storage performance,2022,0
machine learning classifier,turkishemail,2022,0
glove,tri-grams,2022,0
mmpose-nlp,nlp-driven,2022,0
correlation,stronger connectivity,2022,0
discharge disposition,text analytic,2022,0
nlp system evaluation,rule-based strategies,2022,0
mine data,other similar models,2022,0
doc2vec,interacting with the stochastic environment,2022,0
character recognition,sensitivity and specificity,2022,0
bibliometric analysis,nlp resources,2022,0
"nearly 1,800 compounds",problem,2022,0
performer’s motion,speech classifier,2022,0
data analytics process,user-generated online comments,2022,0
dnn,duc 2004 benchmark dataset,2022,0
closed and open-ended questions,tasks as decisions,2022,0
"pre-training mechanism, advantages and disadvantages, performance",up-regulation of various cell survival proteins,2022,0
80% precision and 93% recall,patient behaviours,2022,0
aspect-based sentiment analysis,translation,2022,0
clinical text encoder,examined techniques,2022,0
95.7%,python,2022,0
gib-specific terms,nlp resources,2022,0
extract free text,spider monkey optimization,2022,0
83% accuracy,experience and intuition,2022,0
cluster,f1 score of 90.33%,2022,0
airway development,handwritten rules,2022,0
bilateral tax treaties,dnn models,2022,0
duplicate or non-duplicate,"platform-specific, low-level robotic instructions",2022,0
arabic dialect identification,data,2022,0
ten datasets,water quality modeling,2022,0
main application fields,post-hoc recalibrations,2022,0
better ideas,schools and universities,2022,0
businesses,cross-validated accuracies,2022,0
data analytics process,opinion triggers,2022,0
in‐domain resources,loss function minimization,2022,0
existing medication information extraction systems,nlp4re,2022,0
classrooms,power and utility of nlp,2022,0
bidirectional contextualized language models,reasons for statin nonuse,2022,0
natural language processing (nlp)-based embedding technique,txm corpora analysis platform,2022,0
bidirectional encoder representation from transformers,progressive scale expansion network (psenet),2022,0
generative unsupervised dl methods,shallow and deep linguistic features,2022,0
sixteen syntheses,thematic clusters,2022,0
cl-scisumm shared task,network analysis,2022,0
msit,stopwords lists,2022,0
cogstack platform,recover vital signs,2022,0
nl requirements,seggan,2022,0
2-d mapping,ds from fs,2022,0
semantic thesaurus,voxelized radar data,2022,0
chemu 2020 corpus,knowledge sources,2022,0
massive user data to be generated,recover information,2022,0
financial content,select-project-join queries,2022,0
list of terms,orders of magnitude faster processing time,2022,0
sentence ranking and summary extraction,word2vec cnn mbr algorithms,2022,0
extracting substances and effects,quantum circuits,2022,0
communication gap,dual embeddings,2022,0
esophageal biopsies,structured fields alone,2022,0
autoregressive dlms,portable document format,2022,0
maldy,social work referral,2022,0
lung-rads guidelines,vectors of real numbers as inputs,2022,0
l2 research,nlp measure,2022,0
significantly better results,state-of-the-art parsers,2022,0
autoregressive dlms,fda drug labeling documents,2022,0
facial expressions,semantic meanings of sentences,2022,0
development,wdd,2022,0
chloroquine,negation detection tasks,2022,0
by end users,three baseline classifiers,2022,0
dl network type,news items and press releases,2022,0
algorithms,user experience,2023,1
nlp tasks,sentiment classification,2023,1
one-hot encoding,tf-idf,2023,1
machine learning,ml,2023,1
python programming language,spacy library,2023,1
datasets,llms,2023,1
embeddings,metrics,2023,1
large language models,search,2023,1
natural language processing technologies,ontology,2023,1
chatgpt,surgery,2023,1
algorithms,performance,2023,1
model,output,2023,1
communication,speech recognition,2023,1
performance,random forest,2023,1
nlp technology,various domains,2023,1
image recognition,nlp techniques,2023,1
bert,state-of-the-art results,2023,1
large language models,nlp tasks,2023,1
challenges,llms,2023,1
llms,test data,2023,1
ehread® technology,electronic health records,2023,1
bert,question answering,2023,1
best performance,rule-based nlp,2023,1
chatgpt,radiology,2023,1
data,natural language processing pipeline,2023,1
nlp techniques,sentiment analysis,2023,1
administrative data,natural language processing,2023,1
google,word2vec,2023,1
nlp advancements,research,2023,1
cnns,sentiment analysis,2023,1
f1-score,hybrid system,2023,1
other algorithms,random forest classifier,2023,1
0.96,auroc,2023,1
bertopic,topic modeling,2023,1
nlp applications,robust,2023,1
decision trees,xgboost,2023,1
llms,transformer,2023,1
nlp tasks,question answering,2023,1
natural language processing,nlp technology,2023,1
random forest,sensitivity,2023,1
extracted information,ner,2023,1
area under the receiver operating characteristic,model,2023,1
nlp,sepsis,2023,1
llms,transfer learning,2023,1
cnn,word2vec,2023,1
concepts,nlp,2023,1
attention mechanisms,transformers,2023,1
computational linguistics,machine learning,2023,1
large language models,transformer models,2023,1
disease phenotyping,nlp,2023,1
deep learning architecture,sentiment analysis,2023,1
bidirectional encoder representation from transformers,google,2023,1
electronic health records,nlp,2023,1
natural language understanding,text summarization,2023,1
high precision and recall,nlp technology,2023,1
random forest,specificity,2023,1
bert,gpt,2023,1
average accuracy,svm,2023,1
content,nlp methods,2023,1
human language,natural language processing,2023,1
nlp models,transfer learning,2023,1
evaluation,open-source libraries,2023,1
gpt,transformer architecture,2023,1
datasets,evaluation metrics,2023,1
information extraction,nlp methodologies,2023,1
natural language processing,reinforcement learning,2023,1
genetic,ocr,2023,1
nlp tool,specificity,2023,1
bibliometric analysis,insights,2023,1
nlp models,predictive models,2023,1
machines,nlp techniques,2023,1
linguistics,natural language processing,2023,1
ml models,significant potential,2023,1
features,nlp techniques,2023,1
language translation,llms,2023,1
natural language processing techniques,optical character recognition,2023,1
topic modeling,word2vec,2023,1
pipeline,sensitivity,2023,1
content analysis,nlp,2023,1
high accuracy,transformers,2023,1
pre-trained language,transformers,2023,1
high accuracy,nlp,2023,1
depression detection,large language models,2023,1
natural language understanding,sentiment analysis,2023,1
nlp,unstructured text data,2023,1
textrank,topic modeling,2023,1
features,risk,2023,1
language modeling,llms,2023,1
bert,unstructured data,2023,1
autoencoders,dimensionality reduction,2023,1
nlp,pipeline,2023,1
knowledge,ontologies,2023,1
deep learning techniques,nlp applications,2023,1
sentiment analysis,sentiment score,2023,1
tf-idf,word2vec,2023,1
nlp techniques,practical tools,2023,1
chatbots,data collection,2023,1
framework,nlp,2023,1
pipeline,specificity,2023,1
abstracts,bert,2023,1
bert,llms,2023,1
nlp-based system,similarity score,2023,1
gpt-2,score,2023,1
ai,predictive models,2023,1
neural networks,papers,2023,1
human-computer interaction,nlp advancements,2023,1
chatgpt,datasets,2023,1
bibliometric analysis,nlp papers,2023,1
nlp,nlu,2023,1
sentiment analysis,valence aware dictionary and sentiment reasoner,2023,1
llms,transformer-based,2023,1
natural language processing,pipeline,2023,1
classification,developed,2023,1
participants,text data,2023,1
nlp applications,transformer-based,2023,1
classification,supervised learning,2023,1
embedding models,quantum,2023,1
artificial intelligence,sentiment analysis,2023,1
artificial intelligence,chatbots,2023,1
nlp models,significant potential,2023,1
entities,ner,2023,1
chatbot,datasets,2023,1
deep learning methods,machine translation,2023,1
nlp tasks,transformer,2023,1
rnns,sentiment analysis,2023,1
efficiency,llms,2023,1
area under the curve,gradient boosting,2023,1
nlp models,sentiment classification,2023,1
promising results,prototype,2023,1
ehr data,nlp techniques,2023,1
llms,self-supervised learning,2023,1
methodology,other languages,2023,1
accuracy,deep learning,2023,1
bert,bidirectional encoder representation,2023,1
deep learning techniques,natural language processing,2023,1
human-level performance,llms,2023,1
bert,transformer models,2023,1
llms,studies,2023,1
0.97,accuracy,2023,1
datasets,rl,2023,1
identify,natural language processing,2023,1
metrics,probabilities,2023,1
clinicalbert,transformer-based,2023,1
llms,question answering,2023,1
google,transformer,2023,1
evaluation methods,llms,2023,1
deep learning,pipeline,2023,1
llms,sentiment analysis,2023,1
deep learning models,rnns,2023,1
gpt,llms,2023,1
nlp technologies,valuable insights,2023,1
artificial intelligence,predictive,2023,1
semantic similarities,word embeddings,2023,1
sentence similarity,text mining,2023,1
chatbot,machine learning techniques,2023,1
dataset,nlp methods,2023,1
gpt-4,text generation,2023,1
qnlp,quantum natural language processing,2023,1
quantum,quantum algorithms,2023,1
ehr,patient data,2023,1
distilbert,natural language processing,2023,1
bert,text analysis,2023,1
traditional models,transformers,2023,1
nlp,visualization,2023,1
nlp,transformers,2023,1
gradient boosting,rule-based nlp,2023,1
nltk,sentiment scores,2023,1
named entity recognition,nlp pipeline,2023,1
nlp models,regularized logistic regression,2023,1
machine translation,rnns,2023,1
interpretability,sentiment analysis,2023,1
deep learning,natural language processing technology,2023,1
deep neural networks,interpretability,2023,1
bert,tweets,2023,1
random forest,word2vec,2023,1
ehr notes,sentiment analysis,2023,1
bert,text generation,2023,1
tweets,twitter application programming interface,2023,1
bert,mlp,2023,1
diagnoses,nlp,2023,1
nlp,researchers,2023,1
human language,nlp techniques,2023,1
diagnosis,nlp,2023,1
bilstm,lstm,2023,1
high accuracy,rule-based approaches,2023,1
anomaly detection,autoencoders,2023,1
interpretability,machine translation,2023,1
re,relationships,2023,1
nlp tools,thematic analysis,2023,1
accuracy rate,random forest,2023,1
biobert,xgboost,2023,1
nlp techniques,ontology,2023,1
chatgpt,large language models,2023,1
framework,natural language processing,2023,1
bert,nlp tasks,2023,1
studies,topic modeling,2023,1
sentiment analysis,studies,2023,1
communication,nlp techniques,2023,1
attention mechanisms,transformer models,2023,1
nlp techniques,qualitative data,2023,1
nlp,spacy,2023,1
methodology,nlp,2023,1
nlp,unigrams,2023,1
natural language processing (nlp),transformer models,2023,1
challenges,nlp techniques,2023,1
computers to understand human language,nlp,2023,1
bilstm,word2vec,2023,1
natural language processing,network analysis,2023,1
bleu score,mbert,2023,1
bert,text summarization,2023,1
accuracy,nlp tool,2023,1
research works,weaknesses,2023,1
large language models,natural language processing,2023,1
electronic health records,natural language processing algorithms,2023,1
llms,transformers,2023,1
nlg,nlp,2023,1
named entity recognition,nlp information extraction system,2023,1
lexicon-based approaches,sentiment analysis,2023,1
large language models,paradigm shift,2023,1
accuracy of 96%,model,2023,1
chatbots,communication,2023,1
accuracy,studies,2023,1
customer sentiment,transformer models,2023,1
gpt,natural language processing tasks,2023,1
dictionary-based,sentiment analysis,2023,1
keyword-matching systems,technological drivers,2023,0
distributional semantic analysis,itls,2023,0
automl builder,language development,2023,0
accuracy of about 92%,recognized dataset and diagram special utterances,2023,0
97% relevant results,chest x-ray or blood tests,2023,0
normalization,sequential steps,2023,0
ai techniques,"content-based, user-based, and n-gram features",2023,0
acutely ill infants,manual chart reviews,2023,0
information retrieval and extraction,search and recommendation,2023,0
clinical practices,knowledge-based recommender system,2023,0
cluster and normalize textually derived entities,scent-v1,2023,0
proposed variation,question-answering,2023,0
innovation practice characteristics,visual analysis system,2023,0
anf,neural encodings,2023,0
particular exposures,semantic-based taxonomy of risks,2023,0
researching infectious diseases,retrieval,2023,0
addressing gaps,contributions of free-text clinical data,2023,0
presence and severity of esophagitis,semantics of the social networking language,2023,0
gold standard,open response assessment and feedback,2023,0
ncbi refseq,sites of recurrence,2023,0
sql queries,stakeholders,2023,0
online tourism evaluations,publicly available datasets,2023,0
nlp,stochastic simulations,2023,0
context information,deep learning methods,2023,0
1635 reports,algorithm,2023,0
biomedical and toxicology areas,spinal canal stenosis,2023,0
clinical sentence classification task,similarity score,2023,0
ethics and risk management,gender bias in media,2023,0
average stochastic gradient descent weight-dropped lstm,data augmentation,2023,0
prediction of the remaining useful life,surgery,2023,0
machine learning identification of delirium,web service results,2023,0
nlp libraries,recognition,2023,0
machine learning,recommender systems research,2023,0
machine learning approaches,vetcompass australia,2023,0
70% of the cohort,spinal neurosurgery,2023,0
11 fj per multiply and accumulate,research trends,2023,0
publications from pubmed,safety and comfort of building occupants,2023,0
ner-sa,supervised clustering models,2023,0
spoken language productions,word order characteristics,2023,0
graphs,quantum algorithms,2023,0
metadata features,word clouds,2023,0
strategic partnerships,web,2023,0
pubmed database,semantic representations,2023,0
alternative,incumbency,2023,0
design diagrams,sequence classification,2023,0
compare laptop feature,over time and geographic location,2023,0
71.6%,word spelling,2023,0
nlp-based tools,pre-layernorm design,2023,0
quality,silhouette and cohesion score,2023,0
graph neural networks,improving efficiency,2023,0
contextualized bert embeddings,project time,2023,0
opinion and sentiment data analysis,safety inspectors and construction managers,2023,0
nlp techniques,semantic charaparser tool,2023,0
integrated process ontologies,parameters,2023,0
audits,navisworks api,2023,0
deep learning technologies,iwt treebank,2023,0
automatic ontological knowledge modeling,pair-wise comparison,2023,0
collaborative filtering,performance gain,2023,0
educational contexts,tweets,2023,0
99% accuracy,precision of positive mentions of suicidality,2023,0
spr research,syndrome element syndrome differentiation,2023,0
sequential steps,speech response,2023,0
c3po nlp,county-level opioid overdose death rates,2023,0
service retrieval,traditional machine learning techniques,2023,0
patent recommendation,pipeline-based natural language processing,2023,0
convolutional neural network-based classifiers,deep pyramid convolutional neural network,2023,0
past approaches,standardized questionnaires,2023,0
cognitive functioning,three-sarcasm identification corpus,2023,0
supervised models,training data,2023,0
brain responses,sppmi,2023,0
bidirectional long-short term memory,f score,2023,0
spearman correlation,verbatim transcripts,2023,0
language diversity,literature reviews,2023,0
cross-domain sentiment classification,text profilers,2023,0
healthcare provider taxonomy code,structured data,2023,0
deep learning-based ones,ebs systems,2023,0
animal-free human-based hazard and risk assessment,discharge disposition,2023,0
annotation process,classify the text data,2023,0
click-evoked abr,lsa,2023,0
ensemble of two deep cnns,financial reporting,2023,0
gradient tree boosting,thematic clusters,2023,0
antihistamines,telegram bot api,2023,0
lappybot,learner activities,2023,0
contextual embeddings,nlp markers,2023,0
meta-data,ranking,2023,0
534,data-driven analyses,2023,0
cnlp,works,2023,0
dataset of 900 contribution-focused sentences,word2vec and glove algorithms,2023,0
calcipotriene and branded calcipotriene/betamethasone foam,dkes,2023,0
reactivity prediction,transformer with tensor train decomposition,2023,0
200 histopathological reports,ai system,2023,0
7% increase in average subject accuracy,psychosis prediction,2023,0
current research,"higher precision, recall and f1-scores",2023,0
controls and a-mci,optimize hyperparameters,2023,0
health promotion efforts,suicidal ideations detection models,2023,0
lstm units,role for visualization,2023,0
evaluators,fictional characters,2023,0
new clustering techniques,precomputed results,2023,0
deep generative modeling,google snippets and trec,2023,0
date of most recent seizure,nlp and information extraction methods,2023,0
nlp rules,predicting mortality,2023,0
nlp-cam,system-produced candidates,2023,0
customers less satisfied with waiting time,fasttext,2023,0
chart-reviewed data,electronic medical record,2023,0
fda labeling documents,multiple baselines,2023,0
graph neural network,statistics analysis,2023,0
less likely,stodl-fndc,2023,0
name of author,performance improvements,2023,0
abstractor-hours,keywords,2023,0
brainnerd,physician raters,2023,0
voice recognition device,word lemmatization,2023,0
autocorrelation-based features,critical patient safety concerns,2023,0
intent recognition,suggested models,2023,0
concerns regarding incorporation of sociological knowledge,crisis message corpus,2023,0
cognitive levels,tribes,2023,0
predict lithology,stratified random sampling,2023,0
all methods,rule-based auroc,2023,0
interaction with the database,telegram bot api,2023,0
positive psychological language,representation learning,2023,0
role,unstructured clinical notes,2023,0
biomedical relation extraction,wsd,2023,0
med-bert,student feedback data,2023,0
"electra-small, roberta-base, xlnet-base, albert-base-v2",wellness,2023,0
outputs of three senior researchers,sdlc waterfall,2023,0
fusing multimodal signals,models' performances,2023,0
build,decision making,2023,0
first post,service composition and optimal selection,2023,0
deep learning (dl) approaches,negative feedback,2023,0
anlp applications,msk mri exam order,2023,0
multi-scale information,pft equipment,2023,0
machine learning methodologies,nausea/vomiting,2023,0
data analysis,research institutions to recommend valuable patents,2023,0
identification of psychosis onset,quality of the system,2023,0
natural language processing software program,training a computational,2023,0
analyzing student feedback,gradient boosted tree,2023,0
analyze papers,cnn architecture,2023,0
ensemble nlp,"measuring, reducing, and tackling",2023,0
statistical methods,women without diagnostic codes,2023,0
data privacy challenges,highest accuracies and weighted f1 scores,2023,0
main findings,semcat,2023,0
dementia talkbank dataset,f1 score of 0.955,2023,0
"accuracy, recall, precision, and f1-score",keyword extraction algorithms,2023,0
faster than other models,twitter api,2023,0
bert and roberta,qnlp,2023,0
exposome research,satisfactory performance,2023,0
language analysis practitioners,positive psychological language,2023,0
literature reviews,natural language generation,2023,0
clustering algorithms,corex,2023,0
dealing with significant amounts of data,scientific field,2023,0
ensemble nlp,risk stratification,2023,0
raw note text,top systems,2023,0
audio files,human readers,2023,0
optical character recognition software,status of emotions,2023,0
"37,406",distilbert embedding,2023,0
interviews,virtual screening,2023,0
data access,structured ehr,2023,0
ct total score,patients with cd,2023,0
classifications,voxelized radar data,2023,0
clinical concept detection,higher-level features,2023,0
black/african americans,common models of deep learning,2023,0
academic dishonesty,growing trend,2023,0
health service activities,recall/sensitivity,2023,0
generative,several measures,2023,0
confident,spatial-temporal gnns,2023,0
nonword check information,synthetic images,2023,0
average stochastic gradient descent weight-dropped lstm,patient-level determination,2023,0
keylogging,similar performance measures,2023,0
environment,student online sentiment,2023,0
acoustic features,reveal scientific collaboration relations,2023,0
customer agents,gps database,2023,0
natural language (nl),nine readability scales,2023,0
principal component analysis,structured laboratory data,2023,0
highest prediction accuracy,lstm-rnns,2023,0
extraction system,mgus and mm diagnoses,2023,0
deep architecture,recognition of english words,2023,0
prediction of chronic diseases risk,restless leg syndrome,2023,0
image database,most mentioned,2023,0
contents of the call,text transcripts,2023,0
neural,predict the vulnerability,2023,0
pre-onset predictions,zynq 7020 fpga,2023,0
ability to discern legitimate communications,electronic health record notes,2023,0
contextual definitions,glove,2023,0
6713 reports,review clinical notes,2023,0
human-produced distractors,quantum long short-term memory,2023,0
acc system,un progress reports,2023,0
reminiscence,sentiment classifier,2023,0
computer-aided diagnosis,scholar–entrepreneur relationship,2023,0
bangla comments,health information,2023,0
early ner systems,surpassing results,2023,0
hidden state representations,loss function minimization,2023,0
negative symptom domains,next sentence prediction accuracy,2023,0
seafood,symptom domains,2023,0
m2m transformations,vaccination rates,2023,0
ehread technology,textrank,2023,0
automated subject extraction,rise in cases,2023,0
unstructured text data,word-finding difficulty,2023,0
optical character recognition/natural language processing pipeline,split,2023,0
american sign language,exai methods,2023,0
"antibacterial therapies, lifestyle changes, and prednisone",image classification models,2023,0
environmental feature factors,stock market sentiment,2023,0
fda discussion paper,spelling correction,2023,0
medqa,similar performance measures,2023,0
ensemble of system combinations,rapidly characterize ugc,2023,0
dlnlp-sa,pre-trained transformers,2023,0
class diagram,several measures,2023,0
asynchronous learning,continuous measures,2023,0
clinician-level reasons,highest accuracies and weighted f1 scores,2023,0
global coherence models,verbatim transcripts,2023,0
manual group,statins,2023,0
information extraction,"measuring, reducing, and tackling",2023,0
91.29% prediction accuracy,macro f1 score,2023,0
detection and resolution,neural attention mechanism,2023,0
flow map,transfer learning methods,2023,0
attribute dictionaries,comprehensive evaluation,2023,0
future research work,other disease predictive tasks,2023,0
electra-based ensemble,∼84%,2023,0
science mapping,students,2023,0
bim models,special issue’s five articles,2023,0
natural language planning,predictive abilities,2023,0
dl identification module,stanford progress notes,2023,0
analyze social media textual data,paper plain,2023,0
mechanisms based on association,prediction accuracy,2023,0
standardized measures,text mining techniques,2023,0
computerized decision support system,sentiment analysis techniques,2023,0
analog processing,voting-based ensemble techniques,2023,0
